trader_id,strategy_id,instrument_id,account_id,opening_order_id,closing_order_id,entry,side,quantity,peak_qty,ts_init,ts_opened,ts_last,ts_closed,duration_ns,avg_px_open,avg_px_close,commissions,realized_return,realized_pnl,is_snapshot
BACKTESTER-001,ManualMACDCrossoverStrategy-000,EURUSD.SIM,SIM-001,O-20240103-190000-001-000-1,O-20240104-220000-001-000-2,BUY,FLAT,0,10000,1704308400000000000,2024-01-03 19:00:00+00:00,1704405600000000000,2024-01-04 22:00:00+00:00,97200000000000,1.091762397,1.0946213390000001,['0.00 USD'],0.00262,28.59 USD,True
BACKTESTER-001,ManualMACDCrossoverStrategy-000,EURUSD.SIM,SIM-001,O-20240105-140000-001-000-3,O-20240108-030000-001-000-4,BUY,FLAT,0,10000,1704463200000000000,2024-01-05 14:00:00+00:00,1704682800000000000,2024-01-08 03:00:00+00:00,219600000000000,1.0949,1.093281145,['0.00 USD'],-0.00148,-16.19 USD,True
BACKTESTER-001,ManualMACDCrossoverStrategy-000,EURUSD.SIM,SIM-001,O-20240108-130000-001-000-5,O-20240108-220000-001-000-6,BUY,FLAT,0,10000,1704718800000000000,2024-01-08 13:00:00+00:00,1704751200000000000,2024-01-08 22:00:00+00:00,32400000000000,1.095074989,1.095000713,['0.00 USD'],-7e-05,-0.75 USD,True
BACKTESTER-001,ManualMACDCrossoverStrategy-000,EURUSD.SIM,SIM-001,O-20240109-020000-001-000-7,O-20240109-040000-001-000-8,BUY,FLAT,0,10000,1704765600000000000,2024-01-09 02:00:00+00:00,1704772800000000000,2024-01-09 04:00:00+00:00,7200000000000,1.096268653,1.09560095,['0.00 USD'],-0.00061,-6.68 USD,True
BACKTESTER-001,ManualMACDCrossoverStrategy-000,EURUSD.SIM,SIM-001,O-20240110-010000-001-000-9,O-20240111-080000-001-000-10,BUY,FLAT,0,10000,1704848400000000000,2024-01-10 01:00:00+00:00,1704960000000000000,2024-01-11 08:00:00+00:00,111600000000000,1.093227969,1.0974937690000002,['0.00 USD'],0.0039,42.66 USD,True
BACKTESTER-001,ManualMACDCrossoverStrategy-000,EURUSD.SIM,SIM-001,O-20240111-210000-001-000-11,O-20240112-070000-001-000-12,BUY,FLAT,0,10000,1705006800000000000,2024-01-11 21:00:00+00:00,1705042800000000000,2024-01-12 07:00:00+00:00,36000000000000,1.097178389,1.096653908,['0.00 USD'],-0.00048,-5.25 USD,True
BACKTESTER-001,ManualMACDCrossoverStrategy-000,EURUSD.SIM,SIM-001,O-20240115-020000-001-000-13,O-20240115-090000-001-000-14,BUY,FLAT,0,10000,1705284000000000000,2024-01-15 02:00:00+00:00,1705309200000000000,2024-01-15 09:00:00+00:00,25200000000000,1.0964882749999998,1.094653556,['0.00 USD'],-0.00167,-18.35 USD,True
BACKTESTER-001,ManualMACDCrossoverStrategy-000,EURUSD.SIM,SIM-001,O-20240115-180000-001-000-15,O-20240116-000000-001-000-16,BUY,FLAT,0,10000,1705341600000000000,2024-01-15 18:00:00+00:00,1705363200000000000,2024-01-16 00:00:00+00:00,21600000000000,1.095289806,1.0919524310000002,['0.00 USD'],-0.00305,-33.37 USD,True
BACKTESTER-001,ManualMACDCrossoverStrategy-000,EURUSD.SIM,SIM-001,O-20240116-210000-001-000-17,O-20240117-150000-001-000-18,BUY,FLAT,0,10000,1705438800000000000,2024-01-16 21:00:00+00:00,1705503600000000000,2024-01-17 15:00:00+00:00,64800000000000,1.087459381,1.0848980529999999,['0.00 USD'],-0.00236,-25.61 USD,True
BACKTESTER-001,ManualMACDCrossoverStrategy-000,EURUSD.SIM,SIM-001,O-20240117-170000-001-000-19,O-20240118-120000-001-000-20,BUY,FLAT,0,10000,1705510800000000000,2024-01-17 17:00:00+00:00,1705579200000000000,2024-01-18 12:00:00+00:00,68400000000000,1.0866964959999998,1.087733741,['0.00 USD'],0.00095,10.37 USD,True
BACKTESTER-001,ManualMACDCrossoverStrategy-000,EURUSD.SIM,SIM-001,O-20240118-230000-001-000-21,O-20240122-080000-001-000-22,BUY,FLAT,0,10000,1705618800000000000,2024-01-18 23:00:00+00:00,1705910400000000000,2024-01-22 08:00:00+00:00,291600000000000,1.0879995160000002,1.089164135,['0.00 USD'],0.00107,11.65 USD,True
BACKTESTER-001,ManualMACDCrossoverStrategy-000,EURUSD.SIM,SIM-001,O-20240123-030000-001-000-23,O-20240123-100000-001-000-24,BUY,FLAT,0,10000,1705978800000000000,2024-01-23 03:00:00+00:00,1706004000000000000,2024-01-23 10:00:00+00:00,25200000000000,1.089277753,1.086933024,['0.00 USD'],-0.00215,-23.45 USD,True
BACKTESTER-001,ManualMACDCrossoverStrategy-000,EURUSD.SIM,SIM-001,O-20240123-230000-001-000-25,O-20240124-200000-001-000-26,BUY,FLAT,0,10000,1706050800000000000,2024-01-23 23:00:00+00:00,1706126400000000000,2024-01-24 20:00:00+00:00,75600000000000,1.085729506,1.087993168,['0.00 USD'],0.00208,22.63 USD,True
BACKTESTER-001,ManualMACDCrossoverStrategy-000,EURUSD.SIM,SIM-001,O-20240125-080000-001-000-27,O-20240125-130000-001-000-28,BUY,FLAT,0,10000,1706169600000000000,2024-01-25 08:00:00+00:00,1706187600000000000,2024-01-25 13:00:00+00:00,18000000000000,1.089886293,1.08792,['0.00 USD'],-0.0018,-19.66 USD,True
BACKTESTER-001,ManualMACDCrossoverStrategy-000,EURUSD.SIM,SIM-001,O-20240126-030000-001-000-29,O-20240126-070000-001-000-30,BUY,FLAT,0,10000,1706238000000000000,2024-01-26 03:00:00+00:00,1706252400000000000,2024-01-26 07:00:00+00:00,14400000000000,1.084499096,1.0819349900000002,['0.00 USD'],-0.00236,-25.64 USD,True
BACKTESTER-001,ManualMACDCrossoverStrategy-000,EURUSD.SIM,SIM-001,O-20240126-090000-001-000-31,O-20240128-220000-001-000-32,BUY,FLAT,0,10000,1706259600000000000,2024-01-26 09:00:00+00:00,1706479200000000000,2024-01-28 22:00:00+00:00,219600000000000,1.0844145189999999,1.084501382,['0.00 USD'],8e-05,0.87 USD,True
BACKTESTER-001,ManualMACDCrossoverStrategy-000,EURUSD.SIM,SIM-001,O-20240129-200000-001-000-33,O-20240131-010000-001-000-34,BUY,FLAT,0,10000,1706558400000000000,2024-01-29 20:00:00+00:00,1706662800000000000,2024-01-31 01:00:00+00:00,104400000000000,1.0831154170000001,1.083122729,['0.00 USD'],1e-05,0.07 USD,True
BACKTESTER-001,ManualMACDCrossoverStrategy-000,EURUSD.SIM,SIM-001,O-20240131-110000-001-000-35,O-20240131-200000-001-000-36,BUY,FLAT,0,10000,1706698800000000000,2024-01-31 11:00:00+00:00,1706731200000000000,2024-01-31 20:00:00+00:00,32400000000000,1.083897845,1.08077,['0.00 USD'],-0.00289,-31.28 USD,True
BACKTESTER-001,ManualMACDCrossoverStrategy-000,EURUSD.SIM,SIM-001,O-20240201-120000-001-000-37,O-20240202-080000-001-000-38,BUY,FLAT,0,10000,1706788800000000000,2024-02-01 12:00:00+00:00,1706860800000000000,2024-02-02 08:00:00+00:00,72000000000000,1.081514144,1.087914747,['0.00 USD'],0.00592,64.01 USD,True
BACKTESTER-001,ManualMACDCrossoverStrategy-000,EURUSD.SIM,SIM-001,O-20240202-090000-001-000-39,O-20240202-110000-001-000-40,BUY,FLAT,0,10000,1706864400000000000,2024-02-02 09:00:00+00:00,1706871600000000000,2024-02-02 11:00:00+00:00,7200000000000,1.089087097,1.0883422420000002,['0.00 USD'],-0.00068,-7.45 USD,True
BACKTESTER-001,ManualMACDCrossoverStrategy-000,EURUSD.SIM,SIM-001,O-20240205-060000-001-000-41,O-20240205-090000-001-000-42,BUY,FLAT,0,10000,1707112800000000000,2024-02-05 06:00:00+00:00,1707123600000000000,2024-02-05 09:00:00+00:00,10800000000000,1.07779826,1.075363811,['0.00 USD'],-0.00226,-24.34 USD,True
BACKTESTER-001,ManualMACDCrossoverStrategy-000,EURUSD.SIM,SIM-001,O-20240205-180000-001-000-43,O-20240207-150000-001-000-44,BUY,FLAT,0,10000,1707156000000000000,2024-02-05 18:00:00+00:00,1707318000000000000,2024-02-07 15:00:00+00:00,162000000000000,1.0744080560000002,1.075658302,['0.00 USD'],0.00116,12.50 USD,True
BACKTESTER-001,ManualMACDCrossoverStrategy-000,EURUSD.SIM,SIM-001,O-20240207-200000-001-000-45,O-20240207-210000-001-000-46,BUY,FLAT,0,10000,1707336000000000000,2024-02-07 20:00:00+00:00,1707339600000000000,2024-02-07 21:00:00+00:00,3600000000000,1.077268205,1.077030761,['0.00 USD'],-0.00022,-2.37 USD,True
BACKTESTER-001,ManualMACDCrossoverStrategy-000,EURUSD.SIM,SIM-001,O-20240207-230000-001-000-47,O-20240208-080000-001-000-48,BUY,FLAT,0,10000,1707346800000000000,2024-02-07 23:00:00+00:00,1707379200000000000,2024-02-08 08:00:00+00:00,32400000000000,1.07754922,1.0777041420000002,['0.00 USD'],0.00014,1.55 USD,True
BACKTESTER-001,ManualMACDCrossoverStrategy-000,EURUSD.SIM,SIM-001,O-20240208-190000-001-000-49,O-20240209-030000-001-000-50,BUY,FLAT,0,10000,1707418800000000000,2024-02-08 19:00:00+00:00,1707447600000000000,2024-02-09 03:00:00+00:00,28800000000000,1.077477709,1.077071734,['0.00 USD'],-0.00038,-4.06 USD,True
BACKTESTER-001,ManualMACDCrossoverStrategy-000,EURUSD.SIM,SIM-001,O-20240209-070000-001-000-51,O-20240209-090000-001-000-52,BUY,FLAT,0,10000,1707462000000000000,2024-02-09 07:00:00+00:00,1707469200000000000,2024-02-09 09:00:00+00:00,7200000000000,1.078017172,1.076693628,['0.00 USD'],-0.00123,-13.24 USD,True
BACKTESTER-001,ManualMACDCrossoverStrategy-000,EURUSD.SIM,SIM-001,O-20240209-130000-001-000-53,O-20240212-080000-001-000-54,BUY,FLAT,0,10000,1707483600000000000,2024-02-09 13:00:00+00:00,1707724800000000000,2024-02-12 08:00:00+00:00,241200000000000,1.07831,1.077523794,['0.00 USD'],-0.00073,-7.86 USD,True
BACKTESTER-001,ManualMACDCrossoverStrategy-000,EURUSD.SIM,SIM-001,O-20240213-070000-001-000-55,O-20240213-130000-001-000-56,BUY,FLAT,0,10000,1707807600000000000,2024-02-13 07:00:00+00:00,1707829200000000000,2024-02-13 13:00:00+00:00,21600000000000,1.077126715,1.07084,['0.00 USD'],-0.00584,-62.87 USD,True
BACKTESTER-001,ManualMACDCrossoverStrategy-000,EURUSD.SIM,SIM-001,O-20240214-030000-001-000-57,O-20240216-010000-001-000-58,BUY,FLAT,0,10000,1707879600000000000,2024-02-14 03:00:00+00:00,1708045200000000000,2024-02-16 01:00:00+00:00,165600000000000,1.0712688179999998,1.0764714300000002,['0.00 USD'],0.00486,52.02 USD,True
BACKTESTER-001,ManualMACDCrossoverStrategy-000,EURUSD.SIM,SIM-001,O-20240216-180000-001-000-59,O-20240219-030000-001-000-60,BUY,FLAT,0,10000,1708106400000000000,2024-02-16 18:00:00+00:00,1708311600000000000,2024-02-19 03:00:00+00:00,205200000000000,1.078507594,1.0775313260000001,['0.00 USD'],-0.00091,-9.76 USD,True
BACKTESTER-001,ManualMACDCrossoverStrategy-000,EURUSD.SIM,SIM-001,O-20240219-210000-001-000-61,O-20240219-230000-001-000-62,BUY,FLAT,0,10000,1708376400000000000,2024-02-19 21:00:00+00:00,1708383600000000000,2024-02-19 23:00:00+00:00,7200000000000,1.07785974,1.0775306370000002,['0.00 USD'],-0.00031,-3.29 USD,True
BACKTESTER-001,ManualMACDCrossoverStrategy-000,EURUSD.SIM,SIM-001,O-20240220-090000-001-000-63,O-20240220-220000-001-000-64,BUY,FLAT,0,10000,1708419600000000000,2024-02-20 09:00:00+00:00,1708466400000000000,2024-02-20 22:00:00+00:00,46800000000000,1.0797758480000001,1.0808905500000001,['0.00 USD'],0.00103,11.15 USD,True
BACKTESTER-001,ManualMACDCrossoverStrategy-000,EURUSD.SIM,SIM-001,O-20240221-190000-001-000-65,O-20240222-130000-001-000-66,BUY,FLAT,0,10000,1708542000000000000,2024-02-21 19:00:00+00:00,1708606800000000000,2024-02-22 13:00:00+00:00,64800000000000,1.081654804,1.082305324,['0.00 USD'],0.0006,6.51 USD,True
BACKTESTER-001,ManualMACDCrossoverStrategy-000,EURUSD.SIM,SIM-001,O-20240223-070000-001-000-67,O-20240223-090000-001-000-68,BUY,FLAT,0,10000,1708671600000000000,2024-02-23 07:00:00+00:00,1708678800000000000,2024-02-23 09:00:00+00:00,7200000000000,1.0829477340000002,1.0817221030000002,['0.00 USD'],-0.00113,-12.26 USD,True
BACKTESTER-001,ManualMACDCrossoverStrategy-000,EURUSD.SIM,SIM-001,O-20240223-120000-001-000-69,O-20240223-150000-001-000-70,BUY,FLAT,0,10000,1708689600000000000,2024-02-23 12:00:00+00:00,1708700400000000000,2024-02-23 15:00:00+00:00,10800000000000,1.083617577,1.0820536479999998,['0.00 USD'],-0.00144,-15.64 USD,True
BACKTESTER-001,ManualMACDCrossoverStrategy-000,EURUSD.SIM,SIM-001,O-20240223-160000-001-000-71,O-20240223-170000-001-000-72,BUY,FLAT,0,10000,1708704000000000000,2024-02-23 16:00:00+00:00,1708707600000000000,2024-02-23 17:00:00+00:00,3600000000000,1.082746929,1.082462426,['0.00 USD'],-0.00026,-2.84 USD,True
BACKTESTER-001,ManualMACDCrossoverStrategy-000,EURUSD.SIM,SIM-001,O-20240226-060000-001-000-73,O-20240226-230000-001-000-74,BUY,FLAT,0,10000,1708927200000000000,2024-02-26 06:00:00+00:00,1708988400000000000,2024-02-26 23:00:00+00:00,61200000000000,1.082409122,1.085020347,['0.00 USD'],0.00241,26.11 USD,True
BACKTESTER-001,ManualMACDCrossoverStrategy-000,EURUSD.SIM,SIM-001,O-20240228-140000-001-000-75,O-20240229-070000-001-000-76,BUY,FLAT,0,10000,1709128800000000000,2024-02-28 14:00:00+00:00,1709190000000000000,2024-02-29 07:00:00+00:00,61200000000000,1.082994373,1.0828726979999999,['0.00 USD'],-0.00011,-1.22 USD,True
BACKTESTER-001,ManualMACDCrossoverStrategy-000,EURUSD.SIM,SIM-001,O-20240229-080000-001-000-77,O-20240229-120000-001-000-78,BUY,FLAT,0,10000,1709193600000000000,2024-02-29 08:00:00+00:00,1709208000000000000,2024-02-29 12:00:00+00:00,14400000000000,1.0837658090000002,1.0828623739999998,['0.00 USD'],-0.00083,-9.04 USD,True
BACKTESTER-001,ManualMACDCrossoverStrategy-000,EURUSD.SIM,SIM-001,O-20240229-140000-001-000-79,O-20240229-150000-001-000-80,BUY,FLAT,0,10000,1709215200000000000,2024-02-29 14:00:00+00:00,1709218800000000000,2024-02-29 15:00:00+00:00,3600000000000,1.08466474,1.082235498,['0.00 USD'],-0.00224,-24.29 USD,True
BACKTESTER-001,ManualMACDCrossoverStrategy-000,EURUSD.SIM,SIM-001,O-20240301-020000-001-000-81,O-20240304-120000-001-000-82,BUY,FLAT,0,10000,1709258400000000000,2024-03-01 02:00:00+00:00,1709553600000000000,2024-03-04 12:00:00+00:00,295200000000000,1.0818386489999998,1.084242302,['0.00 USD'],0.00222,24.04 USD,True
BACKTESTER-001,ManualMACDCrossoverStrategy-000,EURUSD.SIM,SIM-001,O-20240304-140000-001-000-83,O-20240304-190000-001-000-84,BUY,FLAT,0,10000,1709560800000000000,2024-03-04 14:00:00+00:00,1709578800000000000,2024-03-04 19:00:00+00:00,18000000000000,1.0859767029999998,1.085641124,['0.00 USD'],-0.00031,-3.36 USD,True
BACKTESTER-001,ManualMACDCrossoverStrategy-000,EURUSD.SIM,SIM-001,O-20240305-150000-001-000-85,O-20240306-000000-001-000-86,BUY,FLAT,0,10000,1709650800000000000,2024-03-05 15:00:00+00:00,1709683200000000000,2024-03-06 00:00:00+00:00,32400000000000,1.08714351,1.0849706760000002,['0.00 USD'],-0.002,-21.73 USD,True
BACKTESTER-001,ManualMACDCrossoverStrategy-000,EURUSD.SIM,SIM-001,O-20240306-060000-001-000-87,O-20240307-010000-001-000-88,BUY,FLAT,0,10000,1709704800000000000,2024-03-06 06:00:00+00:00,1709773200000000000,2024-03-07 01:00:00+00:00,68400000000000,1.085948673,1.08978149,['0.00 USD'],0.00353,38.32 USD,True
BACKTESTER-001,ManualMACDCrossoverStrategy-000,EURUSD.SIM,SIM-001,O-20240307-150000-001-000-89,O-20240308-040000-001-000-90,BUY,FLAT,0,10000,1709823600000000000,2024-03-07 15:00:00+00:00,1709870400000000000,2024-03-08 04:00:00+00:00,46800000000000,1.09299571,1.0945504869999998,['0.00 USD'],0.00142,15.55 USD,True
BACKTESTER-001,ManualMACDCrossoverStrategy-000,EURUSD.SIM,SIM-001,O-20240308-150000-001-000-91,O-20240308-160000-001-000-92,BUY,FLAT,0,10000,1709910000000000000,2024-03-08 15:00:00+00:00,1709913600000000000,2024-03-08 16:00:00+00:00,3600000000000,1.096095328,1.094015042,['0.00 USD'],-0.0019,-20.80 USD,True
BACKTESTER-001,ManualMACDCrossoverStrategy-000,EURUSD.SIM,SIM-001,O-20240312-000000-001-000-93,O-20240312-120000-001-000-94,BUY,FLAT,0,10000,1710201600000000000,2024-03-12 00:00:00+00:00,1710244800000000000,2024-03-12 12:00:00+00:00,43200000000000,1.0928687810000002,1.09201,['0.00 USD'],-0.00079,-8.59 USD,True
BACKTESTER-001,ManualMACDCrossoverStrategy-000,EURUSD.SIM,SIM-001,O-20240312-200000-001-000-95,O-20240314-020000-001-000-96,BUY,FLAT,0,10000,1710273600000000000,2024-03-12 20:00:00+00:00,1710381600000000000,2024-03-14 02:00:00+00:00,108000000000000,1.092579396,1.094360884,['0.00 USD'],0.00163,17.81 USD,True
BACKTESTER-001,ManualMACDCrossoverStrategy-000,EURUSD.SIM,SIM-001,O-20240315-060000-001-000-97,O-20240318-150000-001-000-98,BUY,FLAT,0,10000,1710482400000000000,2024-03-15 06:00:00+00:00,1710774000000000000,2024-03-18 15:00:00+00:00,291600000000000,1.0879783729999999,1.0885225429999998,['0.00 USD'],0.0005,5.44 USD,True
BACKTESTER-001,ManualMACDCrossoverStrategy-000,EURUSD.SIM,SIM-001,O-20240319-140000-001-000-99,O-20240320-080000-001-000-100,BUY,FLAT,0,10000,1710856800000000000,2024-03-19 14:00:00+00:00,1710921600000000000,2024-03-20 08:00:00+00:00,64800000000000,1.0862367640000001,1.085212094,['0.00 USD'],-0.00094,-10.25 USD,True
BACKTESTER-001,ManualMACDCrossoverStrategy-000,EURUSD.SIM,SIM-001,O-20240320-160000-001-000-101,O-20240321-080000-001-000-102,BUY,FLAT,0,10000,1710950400000000000,2024-03-20 16:00:00+00:00,1711008000000000000,2024-03-21 08:00:00+00:00,57600000000000,1.0860687050000002,1.0891448250000002,['0.00 USD'],0.00283,30.76 USD,True
BACKTESTER-001,ManualMACDCrossoverStrategy-000,EURUSD.SIM,SIM-001,O-20240322-130000-001-000-103,O-20240322-160000-001-000-104,BUY,FLAT,0,10000,1711112400000000000,2024-03-22 13:00:00+00:00,1711123200000000000,2024-03-22 16:00:00+00:00,10800000000000,1.082955555,1.080572645,['0.00 USD'],-0.0022,-23.83 USD,True
BACKTESTER-001,ManualMACDCrossoverStrategy-000,EURUSD.SIM,SIM-001,O-20240322-190000-001-000-105,O-20240326-140000-001-000-106,BUY,FLAT,0,10000,1711134000000000000,2024-03-22 19:00:00+00:00,1711461600000000000,2024-03-26 14:00:00+00:00,327600000000000,1.080568729,1.084093556,['0.00 USD'],0.00326,35.25 USD,True
BACKTESTER-001,ManualMACDCrossoverStrategy-000,EURUSD.SIM,SIM-001,O-20240327-100000-001-000-107,O-20240327-110000-001-000-108,BUY,FLAT,0,10000,1711533600000000000,2024-03-27 10:00:00+00:00,1711537200000000000,2024-03-27 11:00:00+00:00,3600000000000,1.0832881890000001,1.0820817839999999,['0.00 USD'],-0.00111,-12.07 USD,True
BACKTESTER-001,ManualMACDCrossoverStrategy-000,EURUSD.SIM,SIM-001,O-20240327-190000-001-000-109,O-20240327-230000-001-000-110,BUY,FLAT,0,10000,1711566000000000000,2024-03-27 19:00:00+00:00,1711580400000000000,2024-03-27 23:00:00+00:00,14400000000000,1.08270898,1.081220842,['0.00 USD'],-0.00137,-14.89 USD,True
BACKTESTER-001,ManualMACDCrossoverStrategy-000,EURUSD.SIM,SIM-001,O-20240328-020000-001-000-111,O-20240328-070000-001-000-112,BUY,FLAT,0,10000,1711591200000000000,2024-03-28 02:00:00+00:00,1711609200000000000,2024-03-28 07:00:00+00:00,18000000000000,1.082228969,1.080061637,['0.00 USD'],-0.002,-21.67 USD,True
BACKTESTER-001,ManualMACDCrossoverStrategy-000,EURUSD.SIM,SIM-001,O-20240328-150000-001-000-113,O-20240328-180000-001-000-114,BUY,FLAT,0,10000,1711638000000000000,2024-03-28 15:00:00+00:00,1711648800000000000,2024-03-28 18:00:00+00:00,10800000000000,1.0801361390000002,1.078731466,['0.00 USD'],-0.0013,-14.05 USD,True
BACKTESTER-001,ManualMACDCrossoverStrategy-000,EURUSD.SIM,SIM-001,O-20240329-090000-001-000-115,O-20240401-050000-001-000-116,BUY,FLAT,0,10000,1711702800000000000,2024-03-29 09:00:00+00:00,1711947600000000000,2024-04-01 05:00:00+00:00,244800000000000,1.078217883,1.078520419,['0.00 USD'],0.00028,3.02 USD,True
BACKTESTER-001,ManualMACDCrossoverStrategy-000,EURUSD.SIM,SIM-001,O-20240401-080000-001-000-117,O-20240401-090000-001-000-118,BUY,FLAT,0,10000,1711958400000000000,2024-04-01 08:00:00+00:00,1711962000000000000,2024-04-01 09:00:00+00:00,3600000000000,1.078978721,1.0785911059999997,['0.00 USD'],-0.00036,-3.88 USD,True
BACKTESTER-001,ManualMACDCrossoverStrategy-000,EURUSD.SIM,SIM-001,O-20240402-070000-001-000-119,O-20240403-080000-001-000-120,BUY,FLAT,0,10000,1712041200000000000,2024-04-02 07:00:00+00:00,1712131200000000000,2024-04-03 08:00:00+00:00,90000000000000,1.0741876279999998,1.077151383,['0.00 USD'],0.00276,29.64 USD,True
BACKTESTER-001,ManualMACDCrossoverStrategy-000,EURUSD.SIM,SIM-001,O-20240403-110000-001-000-121,O-20240404-040000-001-000-122,BUY,FLAT,0,10000,1712142000000000000,2024-04-03 11:00:00+00:00,1712203200000000000,2024-04-04 04:00:00+00:00,61200000000000,1.078388306,1.084250975,['0.00 USD'],0.00544,58.62 USD,True
BACKTESTER-001,ManualMACDCrossoverStrategy-000,EURUSD.SIM,SIM-001,O-20240405-170000-001-000-123,O-20240408-080000-001-000-124,BUY,FLAT,0,10000,1712336400000000000,2024-04-05 17:00:00+00:00,1712563200000000000,2024-04-08 08:00:00+00:00,226800000000000,1.08328843,1.0823329560000001,['0.00 USD'],-0.00088,-9.55 USD,True
BACKTESTER-001,ManualMACDCrossoverStrategy-000,EURUSD.SIM,SIM-001,O-20240408-130000-001-000-125,O-20240409-030000-001-000-126,BUY,FLAT,0,10000,1712581200000000000,2024-04-08 13:00:00+00:00,1712631600000000000,2024-04-09 03:00:00+00:00,50400000000000,1.085166715,1.085520722,['0.00 USD'],0.00033,3.54 USD,True
BACKTESTER-001,ManualMACDCrossoverStrategy-000,EURUSD.SIM,SIM-001,O-20240409-100000-001-000-127,O-20240409-110000-001-000-128,BUY,FLAT,0,10000,1712656800000000000,2024-04-09 10:00:00+00:00,1712660400000000000,2024-04-09 11:00:00+00:00,3600000000000,1.086898636,1.086122198,['0.00 USD'],-0.00071,-7.76 USD,True
BACKTESTER-001,ManualMACDCrossoverStrategy-000,EURUSD.SIM,SIM-001,O-20240409-120000-001-000-129,O-20240409-150000-001-000-130,BUY,FLAT,0,10000,1712664000000000000,2024-04-09 12:00:00+00:00,1712674800000000000,2024-04-09 15:00:00+00:00,10800000000000,1.088067004,1.085552891,['0.00 USD'],-0.00231,-25.14 USD,True
BACKTESTER-001,ManualMACDCrossoverStrategy-000,EURUSD.SIM,SIM-001,O-20240410-090000-001-000-131,O-20240410-120000-001-000-132,BUY,FLAT,0,10000,1712739600000000000,2024-04-10 09:00:00+00:00,1712750400000000000,2024-04-10 12:00:00+00:00,10800000000000,1.086158114,1.07807,['0.00 USD'],-0.00745,-80.88 USD,True
BACKTESTER-001,ManualMACDCrossoverStrategy-000,EURUSD.SIM,SIM-001,O-20240411-020000-001-000-133,O-20240412-060000-001-000-134,BUY,FLAT,0,10000,1712800800000000000,2024-04-11 02:00:00+00:00,1712901600000000000,2024-04-12 06:00:00+00:00,100800000000000,1.07454901,1.068273704,['0.00 USD'],-0.00584,-62.75 USD,True
BACKTESTER-001,ManualMACDCrossoverStrategy-000,EURUSD.SIM,SIM-001,O-20240412-200000-001-000-135,O-20240415-170000-001-000-136,BUY,FLAT,0,10000,1712952000000000000,2024-04-12 20:00:00+00:00,1713200400000000000,2024-04-15 17:00:00+00:00,248400000000000,1.063858999,1.062873762,['0.00 USD'],-0.00093,-9.85 USD,True
BACKTESTER-001,ManualMACDCrossoverStrategy-000,EURUSD.SIM,SIM-001,O-20240416-070000-001-000-137,O-20240416-210000-001-000-138,BUY,FLAT,0,10000,1713250800000000000,2024-04-16 07:00:00+00:00,1713301200000000000,2024-04-16 21:00:00+00:00,50400000000000,1.061786685,1.061541596,['0.00 USD'],-0.00023,-2.45 USD,True
BACKTESTER-001,ManualMACDCrossoverStrategy-000,EURUSD.SIM,SIM-001,O-20240417-000000-001-000-139,O-20240418-080000-001-000-140,BUY,FLAT,0,10000,1713312000000000000,2024-04-17 00:00:00+00:00,1713427200000000000,2024-04-18 08:00:00+00:00,115200000000000,1.0622392600000001,1.0678323459999999,['0.00 USD'],0.00527,55.93 USD,True
BACKTESTER-001,ManualMACDCrossoverStrategy-000,EURUSD.SIM,SIM-001,O-20240419-070000-001-000-141,O-20240422-080000-001-000-142,BUY,FLAT,0,10000,1713510000000000000,2024-04-19 07:00:00+00:00,1713772800000000000,2024-04-22 08:00:00+00:00,262800000000000,1.06554535,1.065672163,['0.00 USD'],0.00012,1.27 USD,True
BACKTESTER-001,ManualMACDCrossoverStrategy-000,EURUSD.SIM,SIM-001,O-20240422-180000-001-000-143,O-20240423-060000-001-000-144,BUY,FLAT,0,10000,1713808800000000000,2024-04-22 18:00:00+00:00,1713852000000000000,2024-04-23 06:00:00+00:00,43200000000000,1.0658590460000001,1.064501084,['0.00 USD'],-0.00127,-13.58 USD,True
BACKTESTER-001,ManualMACDCrossoverStrategy-000,EURUSD.SIM,SIM-001,O-20240423-070000-001-000-145,O-20240424-040000-001-000-146,BUY,FLAT,0,10000,1713855600000000000,2024-04-23 07:00:00+00:00,1713931200000000000,2024-04-24 04:00:00+00:00,75600000000000,1.067934272,1.0705104890000001,['0.00 USD'],0.00241,25.76 USD,True
BACKTESTER-001,ManualMACDCrossoverStrategy-000,EURUSD.SIM,SIM-001,O-20240424-210000-001-000-147,O-20240425-120000-001-000-148,BUY,FLAT,0,10000,1713992400000000000,2024-04-24 21:00:00+00:00,1714046400000000000,2024-04-25 12:00:00+00:00,54000000000000,1.0697394439999999,1.069189017,['0.00 USD'],-0.00051,-5.50 USD,True
BACKTESTER-001,ManualMACDCrossoverStrategy-000,EURUSD.SIM,SIM-001,O-20240425-160000-001-000-149,O-20240426-000000-001-000-150,BUY,FLAT,0,10000,1714060800000000000,2024-04-25 16:00:00+00:00,1714089600000000000,2024-04-26 00:00:00+00:00,28800000000000,1.073128057,1.0727211739999998,['0.00 USD'],-0.00038,-4.07 USD,True
BACKTESTER-001,ManualMACDCrossoverStrategy-000,EURUSD.SIM,SIM-001,O-20240426-080000-001-000-151,O-20240426-100000-001-000-152,BUY,FLAT,0,10000,1714118400000000000,2024-04-26 08:00:00+00:00,1714125600000000000,2024-04-26 10:00:00+00:00,7200000000000,1.0740849529999998,1.072791871,['0.00 USD'],-0.0012,-12.93 USD,True
BACKTESTER-001,ManualMACDCrossoverStrategy-000,EURUSD.SIM,SIM-001,O-20240429-000000-001-000-153,O-20240429-120000-001-000-154,BUY,FLAT,0,10000,1714348800000000000,2024-04-29 00:00:00+00:00,1714392000000000000,2024-04-29 12:00:00+00:00,43200000000000,1.070978688,1.070322416,['0.00 USD'],-0.00061,-6.57 USD,True
BACKTESTER-001,ManualMACDCrossoverStrategy-000,EURUSD.SIM,SIM-001,O-20240429-160000-001-000-155,O-20240430-000000-001-000-156,BUY,FLAT,0,10000,1714406400000000000,2024-04-29 16:00:00+00:00,1714435200000000000,2024-04-30 00:00:00+00:00,28800000000000,1.072597709,1.071491067,['0.00 USD'],-0.00103,-11.07 USD,True
BACKTESTER-001,ManualMACDCrossoverStrategy-000,EURUSD.SIM,SIM-001,O-20240430-090000-001-000-157,O-20240430-130000-001-000-158,BUY,FLAT,0,10000,1714467600000000000,2024-04-30 09:00:00+00:00,1714482000000000000,2024-04-30 13:00:00+00:00,14400000000000,1.072676442,1.070546201,['0.00 USD'],-0.00199,-21.31 USD,True
BACKTESTER-001,ManualMACDCrossoverStrategy-000,EURUSD.SIM,SIM-001,O-20240501-080000-001-000-159,O-20240502-080000-001-000-160,BUY,FLAT,0,10000,1714550400000000000,2024-05-01 08:00:00+00:00,1714636800000000000,2024-05-02 08:00:00+00:00,86400000000000,1.066938983,1.070412892,['0.00 USD'],0.00326,34.74 USD,True
BACKTESTER-001,ManualMACDCrossoverStrategy-000,EURUSD.SIM,SIM-001,O-20240502-180000-001-000-161,O-20240503-070000-001-000-162,BUY,FLAT,0,10000,1714672800000000000,2024-05-02 18:00:00+00:00,1714719600000000000,2024-05-03 07:00:00+00:00,46800000000000,1.073028409,1.0734424839999999,['0.00 USD'],0.00039,4.14 USD,True
BACKTESTER-001,ManualMACDCrossoverStrategy-000,EURUSD.SIM,SIM-001,O-20240503-080000-001-000-163,O-20240503-200000-001-000-164,BUY,FLAT,0,10000,1714723200000000000,2024-05-03 08:00:00+00:00,1714766400000000000,2024-05-03 20:00:00+00:00,43200000000000,1.0742578459999998,1.075930903,['0.00 USD'],0.00156,16.73 USD,True
BACKTESTER-001,ManualMACDCrossoverStrategy-000,EURUSD.SIM,SIM-001,O-20240506-120000-001-000-165,O-20240506-160000-001-000-166,BUY,FLAT,0,10000,1714996800000000000,2024-05-06 12:00:00+00:00,1715011200000000000,2024-05-06 16:00:00+00:00,14400000000000,1.078738135,1.077410972,['0.00 USD'],-0.00123,-13.27 USD,True
BACKTESTER-001,ManualMACDCrossoverStrategy-000,EURUSD.SIM,SIM-001,O-20240507-120000-001-000-167,O-20240507-170000-001-000-168,BUY,FLAT,0,10000,1715083200000000000,2024-05-07 12:00:00+00:00,1715101200000000000,2024-05-07 17:00:00+00:00,18000000000000,1.077558101,1.075651619,['0.00 USD'],-0.00177,-19.06 USD,True
BACKTESTER-001,ManualMACDCrossoverStrategy-000,EURUSD.SIM,SIM-001,O-20240508-090000-001-000-169,O-20240509-060000-001-000-170,BUY,FLAT,0,10000,1715158800000000000,2024-05-08 09:00:00+00:00,1715234400000000000,2024-05-09 06:00:00+00:00,75600000000000,1.075128155,1.073731388,['0.00 USD'],-0.0013,-13.97 USD,True
BACKTESTER-001,ManualMACDCrossoverStrategy-000,EURUSD.SIM,SIM-001,O-20240509-120000-001-000-171,O-20240510-030000-001-000-172,BUY,FLAT,0,10000,1715256000000000000,2024-05-09 12:00:00+00:00,1715310000000000000,2024-05-10 03:00:00+00:00,54000000000000,1.075934683,1.077590477,['0.00 USD'],0.00154,16.55 USD,True
BACKTESTER-001,ManualMACDCrossoverStrategy-000,EURUSD.SIM,SIM-001,O-20240513-080000-001-000-173,O-20240513-200000-001-000-174,BUY,FLAT,0,10000,1715587200000000000,2024-05-13 08:00:00+00:00,1715630400000000000,2024-05-13 20:00:00+00:00,43200000000000,1.078378565,1.078870279,['0.00 USD'],0.00046,4.92 USD,True
BACKTESTER-001,ManualMACDCrossoverStrategy-000,EURUSD.SIM,SIM-001,O-20240514-110000-001-000-175,O-20240515-000000-001-000-176,BUY,FLAT,0,10000,1715684400000000000,2024-05-14 11:00:00+00:00,1715731200000000000,2024-05-15 00:00:00+00:00,46800000000000,1.079259054,1.081680596,['0.00 USD'],0.00224,24.22 USD,True
BACKTESTER-001,ManualMACDCrossoverStrategy-000,EURUSD.SIM,SIM-001,O-20240515-020000-001-000-177,O-20240515-040000-001-000-178,BUY,FLAT,0,10000,1715738400000000000,2024-05-15 02:00:00+00:00,1715745600000000000,2024-05-15 04:00:00+00:00,7200000000000,1.082529577,1.082130797,['0.00 USD'],-0.00037,-3.99 USD,True
BACKTESTER-001,ManualMACDCrossoverStrategy-000,EURUSD.SIM,SIM-001,O-20240515-060000-001-000-179,O-20240515-070000-001-000-180,BUY,FLAT,0,10000,1715752800000000000,2024-05-15 06:00:00+00:00,1715756400000000000,2024-05-15 07:00:00+00:00,3600000000000,1.0830491500000001,1.08257117,['0.00 USD'],-0.00044,-4.78 USD,True
BACKTESTER-001,ManualMACDCrossoverStrategy-000,EURUSD.SIM,SIM-001,O-20240515-120000-001-000-181,O-20240516-030000-001-000-182,BUY,FLAT,0,10000,1715774400000000000,2024-05-15 12:00:00+00:00,1715828400000000000,2024-05-16 03:00:00+00:00,54000000000000,1.086121139,1.088711167,['0.00 USD'],0.00238,25.90 USD,True
BACKTESTER-001,ManualMACDCrossoverStrategy-000,EURUSD.SIM,SIM-001,O-20240517-140000-001-000-183,O-20240520-090000-001-000-184,BUY,FLAT,0,10000,1715954400000000000,2024-05-17 14:00:00+00:00,1716195600000000000,2024-05-20 09:00:00+00:00,241200000000000,1.0876475399999999,1.0868813540000002,['0.00 USD'],-0.0007,-7.67 USD,True
BACKTESTER-001,ManualMACDCrossoverStrategy-000,EURUSD.SIM,SIM-001,O-20240521-060000-001-000-185,O-20240521-130000-001-000-186,BUY,FLAT,0,10000,1716271200000000000,2024-05-21 06:00:00+00:00,1716296400000000000,2024-05-21 13:00:00+00:00,25200000000000,1.086148429,1.084946274,['0.00 USD'],-0.00111,-12.02 USD,True
BACKTESTER-001,ManualMACDCrossoverStrategy-000,EURUSD.SIM,SIM-001,O-20240522-000000-001-000-187,O-20240522-080000-001-000-188,BUY,FLAT,0,10000,1716336000000000000,2024-05-22 00:00:00+00:00,1716364800000000000,2024-05-22 08:00:00+00:00,28800000000000,1.085759059,1.0848519620000001,['0.00 USD'],-0.00084,-9.07 USD,True
BACKTESTER-001,ManualMACDCrossoverStrategy-000,EURUSD.SIM,SIM-001,O-20240523-010000-001-000-189,O-20240523-160000-001-000-190,BUY,FLAT,0,10000,1716426000000000000,2024-05-23 01:00:00+00:00,1716480000000000000,2024-05-23 16:00:00+00:00,54000000000000,1.082778744,1.0818223820000001,['0.00 USD'],-0.00088,-9.56 USD,True
BACKTESTER-001,ManualMACDCrossoverStrategy-000,EURUSD.SIM,SIM-001,O-20240524-060000-001-000-191,O-20240527-020000-001-000-192,BUY,FLAT,0,10000,1716530400000000000,2024-05-24 06:00:00+00:00,1716775200000000000,2024-05-27 02:00:00+00:00,244800000000000,1.0812889410000002,1.0849805090000002,['0.00 USD'],0.00341,36.91 USD,True
BACKTESTER-001,ManualMACDCrossoverStrategy-000,EURUSD.SIM,SIM-001,O-20240527-090000-001-000-193,O-20240527-120000-001-000-194,BUY,FLAT,0,10000,1716800400000000000,2024-05-27 09:00:00+00:00,1716811200000000000,2024-05-27 12:00:00+00:00,10800000000000,1.086718854,1.084882888,['0.00 USD'],-0.00169,-18.36 USD,True
BACKTESTER-001,ManualMACDCrossoverStrategy-000,EURUSD.SIM,SIM-001,O-20240528-010000-001-000-195,O-20240528-130000-001-000-196,BUY,FLAT,0,10000,1716858000000000000,2024-05-28 01:00:00+00:00,1716901200000000000,2024-05-28 13:00:00+00:00,43200000000000,1.087228009,1.086403866,['0.00 USD'],-0.00076,-8.24 USD,True
BACKTESTER-001,ManualMACDCrossoverStrategy-000,EURUSD.SIM,SIM-001,O-20240530-060000-001-000-197,O-20240531-010000-001-000-198,BUY,FLAT,0,10000,1717048800000000000,2024-05-30 06:00:00+00:00,1717117200000000000,2024-05-31 01:00:00+00:00,68400000000000,1.0795580200000001,1.082031812,['0.00 USD'],0.00229,24.74 USD,True
BACKTESTER-001,ManualMACDCrossoverStrategy-000,EURUSD.SIM,SIM-001,O-20240531-090000-001-000-199,O-20240531-180000-001-000-200,BUY,FLAT,0,10000,1717146000000000000,2024-05-31 09:00:00+00:00,1717178400000000000,2024-05-31 18:00:00+00:00,32400000000000,1.0847476010000001,1.0842410530000002,['0.00 USD'],-0.00047,-5.06 USD,True
BACKTESTER-001,ManualMACDCrossoverStrategy-000,EURUSD.SIM,SIM-001,O-20240603-140000-001-000-201,O-20240604-050000-001-000-202,BUY,FLAT,0,10000,1717423200000000000,2024-06-03 14:00:00+00:00,1717477200000000000,2024-06-04 05:00:00+00:00,54000000000000,1.0869934019999998,1.090291081,['0.00 USD'],0.00303,32.97 USD,True
BACKTESTER-001,ManualMACDCrossoverStrategy-000,EURUSD.SIM,SIM-001,O-20240605-010000-001-000-203,O-20240605-030000-001-000-204,BUY,FLAT,0,10000,1717549200000000000,2024-06-05 01:00:00+00:00,1717556400000000000,2024-06-05 03:00:00+00:00,7200000000000,1.0884090810000002,1.0878314480000002,['0.00 USD'],-0.00053,-5.77 USD,True
BACKTESTER-001,ManualMACDCrossoverStrategy-000,EURUSD.SIM,SIM-001,O-20240605-130000-001-000-205,O-20240605-140000-001-000-206,BUY,FLAT,0,10000,1717592400000000000,2024-06-05 13:00:00+00:00,1717596000000000000,2024-06-05 14:00:00+00:00,3600000000000,1.0889149870000001,1.086616477,['0.00 USD'],-0.00211,-22.98 USD,True
BACKTESTER-001,ManualMACDCrossoverStrategy-000,EURUSD.SIM,SIM-001,O-20240605-220000-001-000-207,O-20240606-090000-001-000-208,BUY,FLAT,0,10000,1717624800000000000,2024-06-05 22:00:00+00:00,1717664400000000000,2024-06-06 09:00:00+00:00,39600000000000,1.087289798,1.087971276,['0.00 USD'],0.00063,6.81 USD,True
BACKTESTER-001,ManualMACDCrossoverStrategy-000,EURUSD.SIM,SIM-001,O-20240606-170000-001-000-209,O-20240607-070000-001-000-210,BUY,FLAT,0,10000,1717693200000000000,2024-06-06 17:00:00+00:00,1717743600000000000,2024-06-07 07:00:00+00:00,50400000000000,1.0892090680000002,1.089252766,['0.00 USD'],4e-05,0.44 USD,True
BACKTESTER-001,ManualMACDCrossoverStrategy-000,EURUSD.SIM,SIM-001,O-20240610-080000-001-000-211,O-20240610-100000-001-000-212,BUY,FLAT,0,10000,1718006400000000000,2024-06-10 08:00:00+00:00,1718013600000000000,2024-06-10 10:00:00+00:00,7200000000000,1.075667374,1.073683076,['0.00 USD'],-0.00184,-19.84 USD,True
BACKTESTER-001,ManualMACDCrossoverStrategy-000,EURUSD.SIM,SIM-001,O-20240610-110000-001-000-213,O-20240611-100000-001-000-214,BUY,FLAT,0,10000,1718017200000000000,2024-06-10 11:00:00+00:00,1718100000000000000,2024-06-11 10:00:00+00:00,82800000000000,1.0753687989999998,1.0740837079999999,['0.00 USD'],-0.0012,-12.85 USD,True
BACKTESTER-001,ManualMACDCrossoverStrategy-000,EURUSD.SIM,SIM-001,O-20240611-180000-001-000-215,O-20240612-220000-001-000-216,BUY,FLAT,0,10000,1718128800000000000,2024-06-11 18:00:00+00:00,1718229600000000000,2024-06-12 22:00:00+00:00,100800000000000,1.074369289,1.081080467,['0.00 USD'],0.00625,67.11 USD,True
BACKTESTER-001,ManualMACDCrossoverStrategy-000,EURUSD.SIM,SIM-001,O-20240614-160000-001-000-217,O-20240618-030000-001-000-218,BUY,FLAT,0,10000,1718380800000000000,2024-06-14 16:00:00+00:00,1718679600000000000,2024-06-18 03:00:00+00:00,298800000000000,1.070048508,1.072450501,['0.00 USD'],0.00224,24.02 USD,True
BACKTESTER-001,ManualMACDCrossoverStrategy-000,EURUSD.SIM,SIM-001,O-20240618-130000-001-000-219,O-20240619-000000-001-000-220,BUY,FLAT,0,10000,1718715600000000000,2024-06-18 13:00:00+00:00,1718755200000000000,2024-06-19 00:00:00+00:00,39600000000000,1.074846307,1.0737305250000002,['0.00 USD'],-0.00104,-11.16 USD,True
BACKTESTER-001,ManualMACDCrossoverStrategy-000,EURUSD.SIM,SIM-001,O-20240619-100000-001-000-221,O-20240619-180000-001-000-222,BUY,FLAT,0,10000,1718791200000000000,2024-06-19 10:00:00+00:00,1718820000000000000,2024-06-19 18:00:00+00:00,28800000000000,1.075008266,1.074300127,['0.00 USD'],-0.00066,-7.08 USD,True
BACKTESTER-001,ManualMACDCrossoverStrategy-000,EURUSD.SIM,SIM-001,O-20240621-010000-001-000-223,O-20240621-070000-001-000-224,BUY,FLAT,0,10000,1718931600000000000,2024-06-21 01:00:00+00:00,1718953200000000000,2024-06-21 07:00:00+00:00,21600000000000,1.0710179130000002,1.067765487,['0.00 USD'],-0.00304,-32.52 USD,True
BACKTESTER-001,ManualMACDCrossoverStrategy-000,EURUSD.SIM,SIM-001,O-20240621-160000-001-000-225,O-20240624-230000-001-000-226,BUY,FLAT,0,10000,1718985600000000000,2024-06-21 16:00:00+00:00,1719270000000000000,2024-06-24 23:00:00+00:00,284400000000000,1.069218614,1.073210506,['0.00 USD'],0.00373,39.91 USD,True
BACKTESTER-001,ManualMACDCrossoverStrategy-000,EURUSD.SIM,SIM-001,O-20240626-010000-001-000-227,O-20240626-050000-001-000-228,BUY,FLAT,0,10000,1719363600000000000,2024-06-26 01:00:00+00:00,1719378000000000000,2024-06-26 05:00:00+00:00,14400000000000,1.071578372,1.070361022,['0.00 USD'],-0.00114,-12.17 USD,True
BACKTESTER-001,ManualMACDCrossoverStrategy-000,EURUSD.SIM,SIM-001,O-20240626-200000-001-000-229,O-20240627-220000-001-000-230,BUY,FLAT,0,10000,1719432000000000000,2024-06-26 20:00:00+00:00,1719525600000000000,2024-06-27 22:00:00+00:00,93600000000000,1.06799969,1.0703702659999998,['0.00 USD'],0.00222,23.70 USD,True
BACKTESTER-001,ManualMACDCrossoverStrategy-000,EURUSD.SIM,SIM-001,O-20240628-090000-001-000-231,O-20240701-110000-001-000-232,BUY,FLAT,0,10000,1719565200000000000,2024-06-28 09:00:00+00:00,1719831600000000000,2024-07-01 11:00:00+00:00,266400000000000,1.0709174670000001,1.074881637,['0.00 USD'],0.0037,39.64 USD,True
BACKTESTER-001,ManualMACDCrossoverStrategy-000,EURUSD.SIM,SIM-001,O-20240702-130000-001-000-233,O-20240703-050000-001-000-234,BUY,FLAT,0,10000,1719925200000000000,2024-07-02 13:00:00+00:00,1719982800000000000,2024-07-03 05:00:00+00:00,57600000000000,1.074194985,1.073831067,['0.00 USD'],-0.00034,-3.64 USD,True
BACKTESTER-001,ManualMACDCrossoverStrategy-000,EURUSD.SIM,SIM-001,O-20240703-070000-001-000-235,O-20240703-230000-001-000-236,BUY,FLAT,0,10000,1719990000000000000,2024-07-03 07:00:00+00:00,1720047600000000000,2024-07-03 23:00:00+00:00,57600000000000,1.075956912,1.07909027,['0.00 USD'],0.00291,31.33 USD,True
BACKTESTER-001,ManualMACDCrossoverStrategy-000,EURUSD.SIM,SIM-001,O-20240704-150000-001-000-237,O-20240704-200000-001-000-238,BUY,FLAT,0,10000,1720105200000000000,2024-07-04 15:00:00+00:00,1720123200000000000,2024-07-04 20:00:00+00:00,18000000000000,1.081068713,1.0810002719999998,['0.00 USD'],-6e-05,-0.69 USD,True
BACKTESTER-001,ManualMACDCrossoverStrategy-000,EURUSD.SIM,SIM-001,O-20240705-070000-001-000-239,O-20240705-100000-001-000-240,BUY,FLAT,0,10000,1720162800000000000,2024-07-05 07:00:00+00:00,1720173600000000000,2024-07-05 10:00:00+00:00,10800000000000,1.082907234,1.082451464,['0.00 USD'],-0.00042,-4.55 USD,True
BACKTESTER-001,ManualMACDCrossoverStrategy-000,EURUSD.SIM,SIM-001,O-20240705-190000-001-000-241,O-20240707-210000-001-000-242,BUY,FLAT,0,10000,1720206000000000000,2024-07-05 19:00:00+00:00,1720386000000000000,2024-07-07 21:00:00+00:00,180000000000000,1.0841490089999999,1.081760336,['0.00 USD'],-0.0022,-23.89 USD,True
BACKTESTER-001,ManualMACDCrossoverStrategy-000,EURUSD.SIM,SIM-001,O-20240708-090000-001-000-243,O-20240708-100000-001-000-244,BUY,FLAT,0,10000,1720429200000000000,2024-07-08 09:00:00+00:00,1720432800000000000,2024-07-08 10:00:00+00:00,3600000000000,1.083818191,1.082972034,['0.00 USD'],-0.00078,-8.46 USD,True
BACKTESTER-001,ManualMACDCrossoverStrategy-000,EURUSD.SIM,SIM-001,O-20240708-120000-001-000-245,O-20240708-160000-001-000-246,BUY,FLAT,0,10000,1720440000000000000,2024-07-08 12:00:00+00:00,1720454400000000000,2024-07-08 16:00:00+00:00,14400000000000,1.084376564,1.083221959,['0.00 USD'],-0.00106,-11.55 USD,True
BACKTESTER-001,ManualMACDCrossoverStrategy-000,EURUSD.SIM,SIM-001,O-20240709-230000-001-000-247,O-20240711-200000-001-000-248,BUY,FLAT,0,10000,1720566000000000000,2024-07-09 23:00:00+00:00,1720728000000000000,2024-07-11 20:00:00+00:00,162000000000000,1.0814295249999997,1.086770424,['0.00 USD'],0.00494,53.41 USD,True
BACKTESTER-001,ManualMACDCrossoverStrategy-000,EURUSD.SIM,SIM-001,O-20240712-090000-001-000-249,O-20240714-210000-001-000-250,BUY,FLAT,0,10000,1720774800000000000,2024-07-12 09:00:00+00:00,1720990800000000000,2024-07-14 21:00:00+00:00,216000000000000,1.088526512,1.088870405,['0.00 USD'],0.00032,3.44 USD,True
BACKTESTER-001,ManualMACDCrossoverStrategy-000,EURUSD.SIM,SIM-001,O-20240715-090000-001-000-251,O-20240715-170000-001-000-252,BUY,FLAT,0,10000,1721034000000000000,2024-07-15 09:00:00+00:00,1721062800000000000,2024-07-15 17:00:00+00:00,28800000000000,1.091287265,1.089474645,['0.00 USD'],-0.00166,-18.12 USD,True
BACKTESTER-001,ManualMACDCrossoverStrategy-000,EURUSD.SIM,SIM-001,O-20240716-090000-001-000-253,O-20240716-120000-001-000-254,BUY,FLAT,0,10000,1721120400000000000,2024-07-16 09:00:00+00:00,1721131200000000000,2024-07-16 12:00:00+00:00,10800000000000,1.0897964650000003,1.088057494,['0.00 USD'],-0.0016,-17.39 USD,True
BACKTESTER-001,ManualMACDCrossoverStrategy-000,EURUSD.SIM,SIM-001,O-20240716-180000-001-000-255,O-20240717-210000-001-000-256,BUY,FLAT,0,10000,1721152800000000000,2024-07-16 18:00:00+00:00,1721250000000000000,2024-07-17 21:00:00+00:00,97200000000000,1.089599091,1.093800094,['0.00 USD'],0.00386,42.01 USD,True
BACKTESTER-001,ManualMACDCrossoverStrategy-000,EURUSD.SIM,SIM-001,O-20240719-110000-001-000-257,O-20240722-120000-001-000-258,BUY,FLAT,0,10000,1721386800000000000,2024-07-19 11:00:00+00:00,1721649600000000000,2024-07-22 12:00:00+00:00,262800000000000,1.0893170680000002,1.0878039990000001,['0.00 USD'],-0.00139,-15.13 USD,True
BACKTESTER-001,ManualMACDCrossoverStrategy-000,EURUSD.SIM,SIM-001,O-20240722-170000-001-000-259,O-20240723-070000-001-000-260,BUY,FLAT,0,10000,1721667600000000000,2024-07-22 17:00:00+00:00,1721718000000000000,2024-07-23 07:00:00+00:00,50400000000000,1.089018558,1.0875929899999999,['0.00 USD'],-0.00131,-14.25 USD,True
BACKTESTER-001,ManualMACDCrossoverStrategy-000,EURUSD.SIM,SIM-001,O-20240723-230000-001-000-261,O-20240724-000000-001-000-262,BUY,FLAT,0,10000,1721775600000000000,2024-07-23 23:00:00+00:00,1721779200000000000,2024-07-24 00:00:00+00:00,3600000000000,1.084969274,1.084651912,['0.00 USD'],-0.00029,-3.17 USD,True
BACKTESTER-001,ManualMACDCrossoverStrategy-000,EURUSD.SIM,SIM-001,O-20240724-010000-001-000-263,O-20240724-070000-001-000-264,BUY,FLAT,0,10000,1721782800000000000,2024-07-24 01:00:00+00:00,1721804400000000000,2024-07-24 07:00:00+00:00,21600000000000,1.084837898,1.082897039,['0.00 USD'],-0.00179,-19.41 USD,True
BACKTESTER-001,ManualMACDCrossoverStrategy-000,EURUSD.SIM,SIM-001,O-20240724-100000-001-000-265,O-20240724-220000-001-000-266,BUY,FLAT,0,10000,1721815200000000000,2024-07-24 10:00:00+00:00,1721858400000000000,2024-07-24 22:00:00+00:00,43200000000000,1.084268031,1.08392034,['0.00 USD'],-0.00032,-3.47 USD,True
BACKTESTER-001,ManualMACDCrossoverStrategy-000,EURUSD.SIM,SIM-001,O-20240725-020000-001-000-267,O-20240725-210000-001-000-268,BUY,FLAT,0,10000,1721872800000000000,2024-07-25 02:00:00+00:00,1721941200000000000,2024-07-25 21:00:00+00:00,68400000000000,1.083958192,1.084490311,['0.00 USD'],0.00049,5.32 USD,True
BACKTESTER-001,ManualMACDCrossoverStrategy-000,EURUSD.SIM,SIM-001,O-20240726-000000-001-000-269,O-20240726-070000-001-000-270,BUY,FLAT,0,10000,1721952000000000000,2024-07-26 00:00:00+00:00,1721977200000000000,2024-07-26 07:00:00+00:00,25200000000000,1.0853885800000003,1.084902868,['0.00 USD'],-0.00045,-4.85 USD,True
BACKTESTER-001,ManualMACDCrossoverStrategy-000,EURUSD.SIM,SIM-001,O-20240726-110000-001-000-271,O-20240726-190000-001-000-272,BUY,FLAT,0,10000,1721991600000000000,2024-07-26 11:00:00+00:00,1722020400000000000,2024-07-26 19:00:00+00:00,28800000000000,1.086108305,1.0857612460000001,['0.00 USD'],-0.00032,-3.47 USD,True
BACKTESTER-001,ManualMACDCrossoverStrategy-000,EURUSD.SIM,SIM-001,O-20240729-010000-001-000-273,O-20240729-050000-001-000-274,BUY,FLAT,0,10000,1722214800000000000,2024-07-29 01:00:00+00:00,1722229200000000000,2024-07-29 05:00:00+00:00,14400000000000,1.086578411,1.085890955,['0.00 USD'],-0.00063,-6.88 USD,True
BACKTESTER-001,ManualMACDCrossoverStrategy-000,EURUSD.SIM,SIM-001,O-20240729-220000-001-000-275,O-20240730-130000-001-000-276,BUY,FLAT,0,10000,1722290400000000000,2024-07-29 22:00:00+00:00,1722344400000000000,2024-07-30 13:00:00+00:00,54000000000000,1.082229611,1.081024408,['0.00 USD'],-0.00111,-12.05 USD,True
BACKTESTER-001,ManualMACDCrossoverStrategy-000,EURUSD.SIM,SIM-001,O-20240730-200000-001-000-277,O-20240731-160000-001-000-278,BUY,FLAT,0,10000,1722369600000000000,2024-07-30 20:00:00+00:00,1722441600000000000,2024-07-31 16:00:00+00:00,72000000000000,1.081519203,1.080912039,['0.00 USD'],-0.00056,-6.07 USD,True
BACKTESTER-001,ManualMACDCrossoverStrategy-000,EURUSD.SIM,SIM-001,O-20240801-010000-001-000-279,O-20240801-060000-001-000-280,BUY,FLAT,0,10000,1722474000000000000,2024-08-01 01:00:00+00:00,1722492000000000000,2024-08-01 06:00:00+00:00,18000000000000,1.0827676,1.0815935349999999,['0.00 USD'],-0.00108,-11.74 USD,True
BACKTESTER-001,ManualMACDCrossoverStrategy-000,EURUSD.SIM,SIM-001,O-20240801-210000-001-000-281,O-20240805-020000-001-000-282,BUY,FLAT,0,10000,1722546000000000000,2024-08-01 21:00:00+00:00,1722823200000000000,2024-08-05 02:00:00+00:00,277200000000000,1.079139504,1.092153677,['0.00 USD'],0.01206,130.15 USD,True
BACKTESTER-001,ManualMACDCrossoverStrategy-000,EURUSD.SIM,SIM-001,O-20240805-110000-001-000-283,O-20240805-160000-001-000-284,BUY,FLAT,0,10000,1722855600000000000,2024-08-05 11:00:00+00:00,1722873600000000000,2024-08-05 16:00:00+00:00,18000000000000,1.0962945739999999,1.0959767820000001,['0.00 USD'],-0.00029,-3.17 USD,True
BACKTESTER-001,ManualMACDCrossoverStrategy-000,EURUSD.SIM,SIM-001,O-20240806-200000-001-000-285,O-20240807-010000-001-000-286,BUY,FLAT,0,10000,1722974400000000000,2024-08-06 20:00:00+00:00,1722992400000000000,2024-08-07 01:00:00+00:00,18000000000000,1.0931387590000001,1.0918016320000001,['0.00 USD'],-0.00122,-13.37 USD,True
BACKTESTER-001,ManualMACDCrossoverStrategy-000,EURUSD.SIM,SIM-001,O-20240807-110000-001-000-287,O-20240808-100000-001-000-288,BUY,FLAT,0,10000,1723028400000000000,2024-08-07 11:00:00+00:00,1723111200000000000,2024-08-08 10:00:00+00:00,82800000000000,1.092326881,1.0925124300000002,['0.00 USD'],0.00017,1.86 USD,True
BACKTESTER-001,ManualMACDCrossoverStrategy-000,EURUSD.SIM,SIM-001,O-20240808-220000-001-000-289,O-20240809-120000-001-000-290,BUY,FLAT,0,10000,1723154400000000000,2024-08-08 22:00:00+00:00,1723204800000000000,2024-08-09 12:00:00+00:00,50400000000000,1.091829632,1.091162662,['0.00 USD'],-0.00061,-6.67 USD,True
BACKTESTER-001,ManualMACDCrossoverStrategy-000,EURUSD.SIM,SIM-001,O-20240809-130000-001-000-291,O-20240809-200000-001-000-292,BUY,FLAT,0,10000,1723208400000000000,2024-08-09 13:00:00+00:00,1723233600000000000,2024-08-09 20:00:00+00:00,25200000000000,1.0922372900000001,1.0916609910000001,['0.00 USD'],-0.00053,-5.76 USD,True
BACKTESTER-001,ManualMACDCrossoverStrategy-000,EURUSD.SIM,SIM-001,O-20240812-050000-001-000-293,O-20240813-070000-001-000-294,BUY,FLAT,0,10000,1723438800000000000,2024-08-12 05:00:00+00:00,1723532400000000000,2024-08-13 07:00:00+00:00,93600000000000,1.091858405,1.093002369,['0.00 USD'],0.00105,11.44 USD,True
BACKTESTER-001,ManualMACDCrossoverStrategy-000,EURUSD.SIM,SIM-001,O-20240813-130000-001-000-295,O-20240814-040000-001-000-296,BUY,FLAT,0,10000,1723554000000000000,2024-08-13 13:00:00+00:00,1723608000000000000,2024-08-14 04:00:00+00:00,54000000000000,1.095866298,1.099270891,['0.00 USD'],0.00311,34.04 USD,True
BACKTESTER-001,ManualMACDCrossoverStrategy-000,EURUSD.SIM,SIM-001,O-20240814-080000-001-000-297,O-20240814-160000-001-000-298,BUY,FLAT,0,10000,1723622400000000000,2024-08-14 08:00:00+00:00,1723651200000000000,2024-08-14 16:00:00+00:00,28800000000000,1.1019274810000002,1.1018218339999999,['0.00 USD'],-0.0001,-1.06 USD,True
BACKTESTER-001,ManualMACDCrossoverStrategy-000,EURUSD.SIM,SIM-001,O-20240816-020000-001-000-299,O-20240819-090000-001-000-300,BUY,FLAT,0,10000,1723773600000000000,2024-08-16 02:00:00+00:00,1724058000000000000,2024-08-19 09:00:00+00:00,284400000000000,1.098129322,1.1034921140000002,['0.00 USD'],0.00488,53.62 USD,True
BACKTESTER-001,ManualMACDCrossoverStrategy-000,EURUSD.SIM,SIM-001,O-20240819-140000-001-000-301,O-20240820-020000-001-000-302,BUY,FLAT,0,10000,1724076000000000000,2024-08-19 14:00:00+00:00,1724119200000000000,2024-08-20 02:00:00+00:00,43200000000000,1.106554533,1.107602097,['0.00 USD'],0.00095,10.47 USD,True
BACKTESTER-001,ManualMACDCrossoverStrategy-000,EURUSD.SIM,SIM-001,O-20240820-140000-001-000-303,O-20240821-010000-001-000-304,BUY,FLAT,0,10000,1724162400000000000,2024-08-20 14:00:00+00:00,1724202000000000000,2024-08-21 01:00:00+00:00,39600000000000,1.111172736,1.112151674,['0.00 USD'],0.00088,9.79 USD,True
BACKTESTER-001,ManualMACDCrossoverStrategy-000,EURUSD.SIM,SIM-001,O-20240821-160000-001-000-305,O-20240822-010000-001-000-306,BUY,FLAT,0,10000,1724256000000000000,2024-08-21 16:00:00+00:00,1724288400000000000,2024-08-22 01:00:00+00:00,32400000000000,1.1146283650000002,1.114311023,['0.00 USD'],-0.00028,-3.18 USD,True
BACKTESTER-001,ManualMACDCrossoverStrategy-000,EURUSD.SIM,SIM-001,O-20240823-010000-001-000-307,O-20240823-120000-001-000-308,BUY,FLAT,0,10000,1724374800000000000,2024-08-23 01:00:00+00:00,1724414400000000000,2024-08-23 12:00:00+00:00,39600000000000,1.1127491539999999,1.1113917830000002,['0.00 USD'],-0.00122,-13.58 USD,True
BACKTESTER-001,ManualMACDCrossoverStrategy-000,EURUSD.SIM,SIM-001,O-20240823-140000-001-000-309,O-20240826-040000-001-000-310,BUY,FLAT,0,10000,1724421600000000000,2024-08-23 14:00:00+00:00,1724644800000000000,2024-08-26 04:00:00+00:00,223200000000000,1.117492199,1.118320599,['0.00 USD'],0.00074,8.28 USD,True
BACKTESTER-001,ManualMACDCrossoverStrategy-000,EURUSD.SIM,SIM-001,O-20240827-090000-001-000-311,O-20240827-110000-001-000-312,BUY,FLAT,0,10000,1724749200000000000,2024-08-27 09:00:00+00:00,1724756400000000000,2024-08-27 11:00:00+00:00,7200000000000,1.116817936,1.116041766,['0.00 USD'],-0.00069,-7.77 USD,True
BACKTESTER-001,ManualMACDCrossoverStrategy-000,EURUSD.SIM,SIM-001,O-20240827-170000-001-000-313,O-20240828-020000-001-000-314,BUY,FLAT,0,10000,1724778000000000000,2024-08-27 17:00:00+00:00,1724810400000000000,2024-08-28 02:00:00+00:00,32400000000000,1.118138516,1.1166408030000001,['0.00 USD'],-0.00134,-14.98 USD,True
BACKTESTER-001,ManualMACDCrossoverStrategy-000,EURUSD.SIM,SIM-001,O-20240828-220000-001-000-315,O-20240829-080000-001-000-316,BUY,FLAT,0,10000,1724882400000000000,2024-08-28 22:00:00+00:00,1724918400000000000,2024-08-29 08:00:00+00:00,36000000000000,1.112399483,1.108476066,['0.00 USD'],-0.00353,-39.24 USD,True
BACKTESTER-001,ManualMACDCrossoverStrategy-000,EURUSD.SIM,SIM-001,O-20240829-220000-001-000-317,O-20240830-160000-001-000-318,BUY,FLAT,0,10000,1724968800000000000,2024-08-29 22:00:00+00:00,1725033600000000000,2024-08-30 16:00:00+00:00,64800000000000,1.107999731,1.1049334450000001,['0.00 USD'],-0.00277,-30.66 USD,True
BACKTESTER-001,ManualMACDCrossoverStrategy-000,EURUSD.SIM,SIM-001,O-20240902-010000-001-000-319,O-20240903-000000-001-000-320,BUY,FLAT,0,10000,1725238800000000000,2024-09-02 01:00:00+00:00,1725321600000000000,2024-09-03 00:00:00+00:00,82800000000000,1.105148344,1.106040846,['0.00 USD'],0.00081,8.92 USD,True
BACKTESTER-001,ManualMACDCrossoverStrategy-000,EURUSD.SIM,SIM-001,O-20240903-210000-001-000-321,O-20240905-030000-001-000-322,BUY,FLAT,0,10000,1725397200000000000,2024-09-03 21:00:00+00:00,1725505200000000000,2024-09-05 03:00:00+00:00,108000000000000,1.1044692900000002,1.107680882,['0.00 USD'],0.00291,32.12 USD,True
BACKTESTER-001,ManualMACDCrossoverStrategy-000,EURUSD.SIM,SIM-001,O-20240905-080000-001-000-323,O-20240905-140000-001-000-324,BUY,FLAT,0,10000,1725523200000000000,2024-09-05 08:00:00+00:00,1725544800000000000,2024-09-05 14:00:00+00:00,21600000000000,1.109886967,1.1079472409999997,['0.00 USD'],-0.00175,-19.40 USD,True
BACKTESTER-001,ManualMACDCrossoverStrategy-000,EURUSD.SIM,SIM-001,O-20240905-170000-001-000-325,O-20240906-070000-001-000-326,BUY,FLAT,0,10000,1725555600000000000,2024-09-05 17:00:00+00:00,1725606000000000000,2024-09-06 07:00:00+00:00,50400000000000,1.110677798,1.111572399,['0.00 USD'],0.00081,8.94 USD,True
BACKTESTER-001,ManualMACDCrossoverStrategy-000,EURUSD.SIM,SIM-001,O-20240909-210000-001-000-327,O-20240910-140000-001-000-328,BUY,FLAT,0,10000,1725915600000000000,2024-09-09 21:00:00+00:00,1725976800000000000,2024-09-10 14:00:00+00:00,61200000000000,1.103689752,1.101844169,['0.00 USD'],-0.00167,-18.46 USD,True
BACKTESTER-001,ManualMACDCrossoverStrategy-000,EURUSD.SIM,SIM-001,O-20240910-180000-001-000-329,O-20240911-130000-001-000-330,BUY,FLAT,0,10000,1725991200000000000,2024-09-10 18:00:00+00:00,1726059600000000000,2024-09-11 13:00:00+00:00,68400000000000,1.102459116,1.10128,['0.00 USD'],-0.00107,-11.79 USD,True
BACKTESTER-001,ManualMACDCrossoverStrategy-000,EURUSD.SIM,SIM-001,O-20240912-040000-001-000-331,O-20240913-100000-001-000-332,BUY,FLAT,0,10000,1726113600000000000,2024-09-12 04:00:00+00:00,1726221600000000000,2024-09-13 10:00:00+00:00,108000000000000,1.1016293710000002,1.109033057,['0.00 USD'],0.00672,74.03 USD,True
BACKTESTER-001,ManualMACDCrossoverStrategy-000,EURUSD.SIM,SIM-001,O-20240916-030000-001-000-333,O-20240916-180000-001-000-334,BUY,FLAT,0,10000,1726455600000000000,2024-09-16 03:00:00+00:00,1726509600000000000,2024-09-16 18:00:00+00:00,54000000000000,1.1104082259999999,1.1120716609999999,['0.00 USD'],0.0015,16.64 USD,True
BACKTESTER-001,ManualMACDCrossoverStrategy-000,EURUSD.SIM,SIM-001,O-20240918-020000-001-000-335,O-20240918-050000-001-000-336,BUY,FLAT,0,10000,1726624800000000000,2024-09-18 02:00:00+00:00,1726635600000000000,2024-09-18 05:00:00+00:00,10800000000000,1.112798703,1.11204135,['0.00 USD'],-0.00068,-7.57 USD,True
BACKTESTER-001,ManualMACDCrossoverStrategy-000,EURUSD.SIM,SIM-001,O-20240918-070000-001-000-337,O-20240918-140000-001-000-338,BUY,FLAT,0,10000,1726642800000000000,2024-09-18 07:00:00+00:00,1726668000000000000,2024-09-18 14:00:00+00:00,25200000000000,1.113116191,1.1117949169999999,['0.00 USD'],-0.00119,-13.21 USD,True
BACKTESTER-001,ManualMACDCrossoverStrategy-000,EURUSD.SIM,SIM-001,O-20240918-180000-001-000-339,O-20240918-190000-001-000-340,BUY,FLAT,0,10000,1726682400000000000,2024-09-18 18:00:00+00:00,1726686000000000000,2024-09-18 19:00:00+00:00,3600000000000,1.11492,1.11056,['0.00 USD'],-0.00391,-43.60 USD,True
BACKTESTER-001,ManualMACDCrossoverStrategy-000,EURUSD.SIM,SIM-001,O-20240919-050000-001-000-341,O-20240919-140000-001-000-342,BUY,FLAT,0,10000,1726722000000000000,2024-09-19 05:00:00+00:00,1726754400000000000,2024-09-19 14:00:00+00:00,32400000000000,1.113107518,1.1129184449999998,['0.00 USD'],-0.00017,-1.89 USD,True
BACKTESTER-001,ManualMACDCrossoverStrategy-000,EURUSD.SIM,SIM-001,O-20240919-160000-001-000-343,O-20240920-010000-001-000-344,BUY,FLAT,0,10000,1726761600000000000,2024-09-19 16:00:00+00:00,1726794000000000000,2024-09-20 01:00:00+00:00,32400000000000,1.115544471,1.1159024249999998,['0.00 USD'],0.00032,3.58 USD,True
BACKTESTER-001,ManualMACDCrossoverStrategy-000,EURUSD.SIM,SIM-001,O-20240920-060000-001-000-345,O-20240920-070000-001-000-346,BUY,FLAT,0,10000,1726812000000000000,2024-09-20 06:00:00+00:00,1726815600000000000,2024-09-20 07:00:00+00:00,3600000000000,1.1176465050000002,1.1162647140000002,['0.00 USD'],-0.00124,-13.82 USD,True
BACKTESTER-001,ManualMACDCrossoverStrategy-000,EURUSD.SIM,SIM-001,O-20240924-030000-001-000-347,O-20240925-080000-001-000-348,BUY,FLAT,0,10000,1727146800000000000,2024-09-24 03:00:00+00:00,1727251200000000000,2024-09-25 08:00:00+00:00,104400000000000,1.111268671,1.118473223,['0.00 USD'],0.00648,72.04 USD,True
BACKTESTER-001,ManualMACDCrossoverStrategy-000,EURUSD.SIM,SIM-001,O-20240926-050000-001-000-349,O-20240927-020000-001-000-350,BUY,FLAT,0,10000,1727326800000000000,2024-09-26 05:00:00+00:00,1727402400000000000,2024-09-27 02:00:00+00:00,75600000000000,1.1149784470000002,1.116881765,['0.00 USD'],0.00171,19.03 USD,True
BACKTESTER-001,ManualMACDCrossoverStrategy-000,EURUSD.SIM,SIM-001,O-20240927-120000-001-000-351,O-20240927-160000-001-000-352,BUY,FLAT,0,10000,1727438400000000000,2024-09-27 12:00:00+00:00,1727452800000000000,2024-09-27 16:00:00+00:00,14400000000000,1.119972313,1.11514344,['0.00 USD'],-0.00431,-48.29 USD,True
BACKTESTER-001,ManualMACDCrossoverStrategy-000,EURUSD.SIM,SIM-001,O-20240930-000000-001-000-353,O-20240930-010000-001-000-354,BUY,FLAT,0,10000,1727654400000000000,2024-09-30 00:00:00+00:00,1727658000000000000,2024-09-30 01:00:00+00:00,3600000000000,1.117077973,1.116042451,['0.00 USD'],-0.00093,-10.36 USD,True
BACKTESTER-001,ManualMACDCrossoverStrategy-000,EURUSD.SIM,SIM-001,O-20240930-070000-001-000-355,O-20240930-140000-001-000-356,BUY,FLAT,0,10000,1727679600000000000,2024-09-30 07:00:00+00:00,1727704800000000000,2024-09-30 14:00:00+00:00,25200000000000,1.117226379,1.115826486,['0.00 USD'],-0.00125,-14.00 USD,True
BACKTESTER-001,ManualMACDCrossoverStrategy-000,EURUSD.SIM,SIM-001,O-20241001-210000-001-000-357,O-20241002-140000-001-000-358,BUY,FLAT,0,10000,1727816400000000000,2024-10-01 21:00:00+00:00,1727877600000000000,2024-10-02 14:00:00+00:00,61200000000000,1.106849767,1.1036056909999998,['0.00 USD'],-0.00293,-32.44 USD,True
BACKTESTER-001,ManualMACDCrossoverStrategy-000,EURUSD.SIM,SIM-001,O-20241002-190000-001-000-359,O-20241003-050000-001-000-360,BUY,FLAT,0,10000,1727895600000000000,2024-10-02 19:00:00+00:00,1727931600000000000,2024-10-03 05:00:00+00:00,36000000000000,1.1048890359999999,1.102842915,['0.00 USD'],-0.00185,-20.46 USD,True
BACKTESTER-001,ManualMACDCrossoverStrategy-000,EURUSD.SIM,SIM-001,O-20241003-060000-001-000-361,O-20241003-150000-001-000-362,BUY,FLAT,0,10000,1727935200000000000,2024-10-03 06:00:00+00:00,1727967600000000000,2024-10-03 15:00:00+00:00,32400000000000,1.1037866570000001,1.1014468199999998,['0.00 USD'],-0.00212,-23.40 USD,True
BACKTESTER-001,ManualMACDCrossoverStrategy-000,EURUSD.SIM,SIM-001,O-20241003-170000-001-000-363,O-20241004-120000-001-000-364,BUY,FLAT,0,10000,1727974800000000000,2024-10-03 17:00:00+00:00,1728043200000000000,2024-10-04 12:00:00+00:00,68400000000000,1.103287554,1.096079199,['0.00 USD'],-0.00653,-72.08 USD,True
BACKTESTER-001,ManualMACDCrossoverStrategy-000,EURUSD.SIM,SIM-001,O-20241007-000000-001-000-365,O-20241008-130000-001-000-366,BUY,FLAT,0,10000,1728259200000000000,2024-10-07 00:00:00+00:00,1728392400000000000,2024-10-08 13:00:00+00:00,133200000000000,1.0969878219999998,1.097774243,['0.00 USD'],0.00072,7.86 USD,True
BACKTESTER-001,ManualMACDCrossoverStrategy-000,EURUSD.SIM,SIM-001,O-20241008-220000-001-000-367,O-20241008-230000-001-000-368,BUY,FLAT,0,10000,1728424800000000000,2024-10-08 22:00:00+00:00,1728428400000000000,2024-10-08 23:00:00+00:00,3600000000000,1.098079668,1.0975204,['0.00 USD'],-0.00051,-5.59 USD,True
BACKTESTER-001,ManualMACDCrossoverStrategy-000,EURUSD.SIM,SIM-001,O-20241010-010000-001-000-369,O-20241010-150000-001-000-370,BUY,FLAT,0,10000,1728522000000000000,2024-10-10 01:00:00+00:00,1728572400000000000,2024-10-10 15:00:00+00:00,50400000000000,1.094297801,1.092473776,['0.00 USD'],-0.00167,-18.24 USD,True
BACKTESTER-001,ManualMACDCrossoverStrategy-000,EURUSD.SIM,SIM-001,O-20241010-190000-001-000-371,O-20241011-190000-001-000-372,BUY,FLAT,0,10000,1728586800000000000,2024-10-10 19:00:00+00:00,1728673200000000000,2024-10-11 19:00:00+00:00,86400000000000,1.09344745,1.09331099,['0.00 USD'],-0.00012,-1.37 USD,True
BACKTESTER-001,ManualMACDCrossoverStrategy-000,EURUSD.SIM,SIM-001,O-20241014-090000-001-000-373,O-20241014-100000-001-000-374,BUY,FLAT,0,10000,1728896400000000000,2024-10-14 09:00:00+00:00,1728900000000000000,2024-10-14 10:00:00+00:00,3600000000000,1.0929081880000002,1.092271687,['0.00 USD'],-0.00058,-6.37 USD,True
BACKTESTER-001,ManualMACDCrossoverStrategy-000,EURUSD.SIM,SIM-001,O-20241014-230000-001-000-375,O-20241015-030000-001-000-376,BUY,FLAT,0,10000,1728946800000000000,2024-10-14 23:00:00+00:00,1728961200000000000,2024-10-15 03:00:00+00:00,14400000000000,1.090909528,1.0896311650000001,['0.00 USD'],-0.00117,-12.78 USD,True
BACKTESTER-001,ManualMACDCrossoverStrategy-000,EURUSD.SIM,SIM-001,O-20241015-080000-001-000-377,O-20241015-170000-001-000-378,BUY,FLAT,0,10000,1728979200000000000,2024-10-15 08:00:00+00:00,1729011600000000000,2024-10-15 17:00:00+00:00,32400000000000,1.091037408,1.0884816339999999,['0.00 USD'],-0.00234,-25.56 USD,True
BACKTESTER-001,ManualMACDCrossoverStrategy-000,EURUSD.SIM,SIM-001,O-20241016-020000-001-000-379,O-20241016-060000-001-000-380,BUY,FLAT,0,10000,1729044000000000000,2024-10-16 02:00:00+00:00,1729058400000000000,2024-10-16 06:00:00+00:00,14400000000000,1.0892585149999998,1.08775324,['0.00 USD'],-0.00138,-15.06 USD,True
BACKTESTER-001,ManualMACDCrossoverStrategy-000,EURUSD.SIM,SIM-001,O-20241016-090000-001-000-381,O-20241016-150000-001-000-382,BUY,FLAT,0,10000,1729069200000000000,2024-10-16 09:00:00+00:00,1729090800000000000,2024-10-16 15:00:00+00:00,21600000000000,1.0894674199999999,1.087232521,['0.00 USD'],-0.00205,-22.35 USD,True
BACKTESTER-001,ManualMACDCrossoverStrategy-000,EURUSD.SIM,SIM-001,O-20241017-080000-001-000-383,O-20241017-130000-001-000-384,BUY,FLAT,0,10000,1729152000000000000,2024-10-17 08:00:00+00:00,1729170000000000000,2024-10-17 13:00:00+00:00,18000000000000,1.08517673,1.083297512,['0.00 USD'],-0.00173,-18.79 USD,True
BACKTESTER-001,ManualMACDCrossoverStrategy-000,EURUSD.SIM,SIM-001,O-20241017-230000-001-000-385,O-20241021-040000-001-000-386,BUY,FLAT,0,10000,1729206000000000000,2024-10-17 23:00:00+00:00,1729483200000000000,2024-10-21 04:00:00+00:00,277200000000000,1.0829194460000002,1.085861357,['0.00 USD'],0.00272,29.42 USD,True
BACKTESTER-001,ManualMACDCrossoverStrategy-000,EURUSD.SIM,SIM-001,O-20241022-030000-001-000-387,O-20241022-140000-001-000-388,BUY,FLAT,0,10000,1729566000000000000,2024-10-22 03:00:00+00:00,1729605600000000000,2024-10-22 14:00:00+00:00,39600000000000,1.081908324,1.0809537710000001,['0.00 USD'],-0.00088,-9.55 USD,True
BACKTESTER-001,ManualMACDCrossoverStrategy-000,EURUSD.SIM,SIM-001,O-20241023-020000-001-000-389,O-20241023-070000-001-000-390,BUY,FLAT,0,10000,1729648800000000000,2024-10-23 02:00:00+00:00,1729666800000000000,2024-10-23 07:00:00+00:00,18000000000000,1.080457486,1.0781636040000002,['0.00 USD'],-0.00212,-22.93 USD,True
BACKTESTER-001,ManualMACDCrossoverStrategy-000,EURUSD.SIM,SIM-001,O-20241023-180000-001-000-391,O-20241025-040000-001-000-392,BUY,FLAT,0,10000,1729706400000000000,2024-10-23 18:00:00+00:00,1729828800000000000,2024-10-25 04:00:00+00:00,122400000000000,1.078057635,1.082171276,['0.00 USD'],0.00382,41.14 USD,True
BACKTESTER-001,ManualMACDCrossoverStrategy-000,EURUSD.SIM,SIM-001,O-20241025-130000-001-000-393,O-20241025-140000-001-000-394,BUY,FLAT,0,10000,1729861200000000000,2024-10-25 13:00:00+00:00,1729864800000000000,2024-10-25 14:00:00+00:00,3600000000000,1.083407165,1.083064226,['0.00 USD'],-0.00032,-3.42 USD,True
BACKTESTER-001,ManualMACDCrossoverStrategy-000,EURUSD.SIM,SIM-001,O-20241028-070000-001-000-395,O-20241029-020000-001-000-396,BUY,FLAT,0,10000,1730098800000000000,2024-10-28 07:00:00+00:00,1730167200000000000,2024-10-29 02:00:00+00:00,68400000000000,1.080427738,1.0812117540000001,['0.00 USD'],0.00073,7.84 USD,True
BACKTESTER-001,ManualMACDCrossoverStrategy-000,EURUSD.SIM,SIM-001,O-20241029-090000-001-000-397,O-20241029-100000-001-000-398,BUY,FLAT,0,10000,1730192400000000000,2024-10-29 09:00:00+00:00,1730196000000000000,2024-10-29 10:00:00+00:00,3600000000000,1.081787843,1.080542346,['0.00 USD'],-0.00115,-12.45 USD,True
BACKTESTER-001,ManualMACDCrossoverStrategy-000,EURUSD.SIM,SIM-001,O-20241029-180000-001-000-399,O-20241031-000000-001-000-400,BUY,FLAT,0,10000,1730224800000000000,2024-10-29 18:00:00+00:00,1730332800000000000,2024-10-31 00:00:00+00:00,108000000000000,1.0813481379999998,1.085331399,['0.00 USD'],0.00368,39.83 USD,True
BACKTESTER-001,ManualMACDCrossoverStrategy-000,EURUSD.SIM,SIM-001,O-20241031-110000-001-000-401,O-20241031-140000-001-000-402,BUY,FLAT,0,10000,1730372400000000000,2024-10-31 11:00:00+00:00,1730383200000000000,2024-10-31 14:00:00+00:00,10800000000000,1.0868070650000001,1.086546736,['0.00 USD'],-0.00024,-2.60 USD,True
BACKTESTER-001,ManualMACDCrossoverStrategy-000,EURUSD.SIM,SIM-001,O-20241031-190000-001-000-403,O-20241101-030000-001-000-404,BUY,FLAT,0,10000,1730401200000000000,2024-10-31 19:00:00+00:00,1730430000000000000,2024-11-01 03:00:00+00:00,28800000000000,1.087737178,1.087621886,['0.00 USD'],-0.00011,-1.15 USD,True
BACKTESTER-001,ManualMACDCrossoverStrategy-000,EURUSD.SIM,SIM-001,O-20241103-230000-001-000-405,O-20241104-160000-001-000-406,BUY,FLAT,0,10000,1730674800000000000,2024-11-03 23:00:00+00:00,1730736000000000000,2024-11-04 16:00:00+00:00,61200000000000,1.0872777,1.088393724,['0.00 USD'],0.00103,11.16 USD,True
BACKTESTER-001,ManualMACDCrossoverStrategy-000,EURUSD.SIM,SIM-001,O-20241105-080000-001-000-407,O-20241106-000000-001-000-408,BUY,FLAT,0,10000,1730793600000000000,2024-11-05 08:00:00+00:00,1730851200000000000,2024-11-06 00:00:00+00:00,57600000000000,1.089196493,1.08362,['0.00 USD'],-0.00512,-55.76 USD,True
BACKTESTER-001,ManualMACDCrossoverStrategy-000,EURUSD.SIM,SIM-001,O-20241106-170000-001-000-409,O-20241108-020000-001-000-410,BUY,FLAT,0,10000,1730912400000000000,2024-11-06 17:00:00+00:00,1731031200000000000,2024-11-08 02:00:00+00:00,118800000000000,1.072724872,1.0780835169999998,['0.00 USD'],0.005,53.59 USD,True
BACKTESTER-001,ManualMACDCrossoverStrategy-000,EURUSD.SIM,SIM-001,O-20241111-030000-001-000-411,O-20241111-080000-001-000-412,BUY,FLAT,0,10000,1731294000000000000,2024-11-11 03:00:00+00:00,1731312000000000000,2024-11-11 08:00:00+00:00,18000000000000,1.0716788640000001,1.068713563,['0.00 USD'],-0.00277,-29.65 USD,True
BACKTESTER-001,ManualMACDCrossoverStrategy-000,EURUSD.SIM,SIM-001,O-20241111-200000-001-000-413,O-20241112-110000-001-000-414,BUY,FLAT,0,10000,1731355200000000000,2024-11-11 20:00:00+00:00,1731409200000000000,2024-11-12 11:00:00+00:00,54000000000000,1.0655687029999998,1.061872711,['0.00 USD'],-0.00347,-36.96 USD,True
BACKTESTER-001,ManualMACDCrossoverStrategy-000,EURUSD.SIM,SIM-001,O-20241112-130000-001-000-415,O-20241112-160000-001-000-416,BUY,FLAT,0,10000,1731416400000000000,2024-11-12 13:00:00+00:00,1731427200000000000,2024-11-12 16:00:00+00:00,10800000000000,1.062304705,1.059794919,['0.00 USD'],-0.00236,-25.10 USD,True
BACKTESTER-001,ManualMACDCrossoverStrategy-000,EURUSD.SIM,SIM-001,O-20241112-180000-001-000-417,O-20241113-150000-001-000-418,BUY,FLAT,0,10000,1731434400000000000,2024-11-12 18:00:00+00:00,1731510000000000000,2024-11-13 15:00:00+00:00,75600000000000,1.061597537,1.0588597169999998,['0.00 USD'],-0.00258,-27.38 USD,True
BACKTESTER-001,ManualMACDCrossoverStrategy-000,EURUSD.SIM,SIM-001,O-20241114-130000-001-000-419,O-20241115-150000-001-000-420,BUY,FLAT,0,10000,1731589200000000000,2024-11-14 13:00:00+00:00,1731682800000000000,2024-11-15 15:00:00+00:00,93600000000000,1.05304,1.05352,['0.00 USD'],0.00046,4.80 USD,True
BACKTESTER-001,ManualMACDCrossoverStrategy-000,EURUSD.SIM,SIM-001,O-20241118-060000-001-000-421,O-20241119-040000-001-000-422,BUY,FLAT,0,10000,1731909600000000000,2024-11-18 06:00:00+00:00,1731988800000000000,2024-11-19 04:00:00+00:00,79200000000000,1.054278636,1.058692062,['0.00 USD'],0.00419,44.14 USD,True
BACKTESTER-001,ManualMACDCrossoverStrategy-000,EURUSD.SIM,SIM-001,O-20241119-180000-001-000-423,O-20241120-050000-001-000-424,BUY,FLAT,0,10000,1732039200000000000,2024-11-19 18:00:00+00:00,1732078800000000000,2024-11-20 05:00:00+00:00,39600000000000,1.058987474,1.0586913409999998,['0.00 USD'],-0.00028,-2.97 USD,True
BACKTESTER-001,ManualMACDCrossoverStrategy-000,EURUSD.SIM,SIM-001,O-20241120-230000-001-000-425,O-20241121-090000-001-000-426,BUY,FLAT,0,10000,1732143600000000000,2024-11-20 23:00:00+00:00,1732179600000000000,2024-11-21 09:00:00+00:00,36000000000000,1.054569421,1.051676636,['0.00 USD'],-0.00274,-28.92 USD,True
BACKTESTER-001,ManualMACDCrossoverStrategy-000,EURUSD.SIM,SIM-001,O-20241121-140000-001-000-427,O-20241121-150000-001-000-428,BUY,FLAT,0,10000,1732197600000000000,2024-11-21 14:00:00+00:00,1732201200000000000,2024-11-21 15:00:00+00:00,3600000000000,1.053511771,1.0510268029999998,['0.00 USD'],-0.00236,-24.85 USD,True
BACKTESTER-001,ManualMACDCrossoverStrategy-000,EURUSD.SIM,SIM-001,O-20241122-040000-001-000-429,O-20241122-090000-001-000-430,BUY,FLAT,0,10000,1732248000000000000,2024-11-22 04:00:00+00:00,1732266000000000000,2024-11-22 09:00:00+00:00,18000000000000,1.047478548,1.04019,['0.00 USD'],-0.00696,-72.89 USD,True
BACKTESTER-001,ManualMACDCrossoverStrategy-000,EURUSD.SIM,SIM-001,O-20241122-190000-001-000-431,O-20241125-220000-001-000-432,BUY,FLAT,0,10000,1732302000000000000,2024-11-22 19:00:00+00:00,1732572000000000000,2024-11-25 22:00:00+00:00,270000000000000,1.0410980099999998,1.049480573,['0.00 USD'],0.00805,83.83 USD,True
BACKTESTER-001,ManualMACDCrossoverStrategy-000,EURUSD.SIM,SIM-001,O-20241126-080000-001-000-433,O-20241126-160000-001-000-434,BUY,FLAT,0,10000,1732608000000000000,2024-11-26 08:00:00+00:00,1732636800000000000,2024-11-26 16:00:00+00:00,28800000000000,1.04912219,1.04798673,['0.00 USD'],-0.00108,-11.35 USD,True
BACKTESTER-001,ManualMACDCrossoverStrategy-000,EURUSD.SIM,SIM-001,O-20241127-070000-001-000-435,O-20241128-000000-001-000-436,BUY,FLAT,0,10000,1732690800000000000,2024-11-27 07:00:00+00:00,1732752000000000000,2024-11-28 00:00:00+00:00,61200000000000,1.049826292,1.0551616190000002,['0.00 USD'],0.00508,53.35 USD,True
BACKTESTER-001,ManualMACDCrossoverStrategy-000,EURUSD.SIM,SIM-001,O-20241129-000000-001-000-437,O-20241129-090000-001-000-438,BUY,FLAT,0,10000,1732838400000000000,2024-11-29 00:00:00+00:00,1732870800000000000,2024-11-29 09:00:00+00:00,32400000000000,1.056258038,1.055737794,['0.00 USD'],-0.00049,-5.20 USD,True
BACKTESTER-001,ManualMACDCrossoverStrategy-000,EURUSD.SIM,SIM-001,O-20241129-190000-001-000-439,O-20241201-220000-001-000-440,BUY,FLAT,0,10000,1732906800000000000,2024-11-29 19:00:00+00:00,1733090400000000000,2024-12-01 22:00:00+00:00,183600000000000,1.05795705,1.056070647,['0.00 USD'],-0.00178,-18.86 USD,True
BACKTESTER-001,ManualMACDCrossoverStrategy-000,EURUSD.SIM,SIM-001,O-20241202-200000-001-000-441,O-20241203-210000-001-000-442,BUY,FLAT,0,10000,1733169600000000000,2024-12-02 20:00:00+00:00,1733259600000000000,2024-12-03 21:00:00+00:00,90000000000000,1.04999405,1.050610905,['0.00 USD'],0.00059,6.17 USD,True
BACKTESTER-001,ManualMACDCrossoverStrategy-000,EURUSD.SIM,SIM-001,O-20241204-060000-001-000-443,O-20241204-080000-001-000-444,BUY,FLAT,0,10000,1733292000000000000,2024-12-04 06:00:00+00:00,1733299200000000000,2024-12-04 08:00:00+00:00,7200000000000,1.05228748,1.049095938,['0.00 USD'],-0.00303,-31.92 USD,True
BACKTESTER-001,ManualMACDCrossoverStrategy-000,EURUSD.SIM,SIM-001,O-20241204-150000-001-000-445,O-20241206-010000-001-000-446,BUY,FLAT,0,10000,1733324400000000000,2024-12-04 15:00:00+00:00,1733446800000000000,2024-12-06 01:00:00+00:00,122400000000000,1.05294,1.05685387,['0.00 USD'],0.00372,39.14 USD,True
BACKTESTER-001,ManualMACDCrossoverStrategy-000,EURUSD.SIM,SIM-001,O-20241209-080000-001-000-447,O-20241209-190000-001-000-448,BUY,FLAT,0,10000,1733731200000000000,2024-12-09 08:00:00+00:00,1733770800000000000,2024-12-09 19:00:00+00:00,39600000000000,1.056743518,1.055511751,['0.00 USD'],-0.00117,-12.32 USD,True
BACKTESTER-001,ManualMACDCrossoverStrategy-000,EURUSD.SIM,SIM-001,O-20241210-060000-001-000-449,O-20241210-070000-001-000-450,BUY,FLAT,0,10000,1733810400000000000,2024-12-10 06:00:00+00:00,1733814000000000000,2024-12-10 07:00:00+00:00,3600000000000,1.056657858,1.054873467,['0.00 USD'],-0.00169,-17.84 USD,True
BACKTESTER-001,ManualMACDCrossoverStrategy-000,EURUSD.SIM,SIM-001,O-20241210-210000-001-000-451,O-20241211-070000-001-000-452,BUY,FLAT,0,10000,1733864400000000000,2024-12-10 21:00:00+00:00,1733900400000000000,2024-12-11 07:00:00+00:00,36000000000000,1.052689381,1.048987312,['0.00 USD'],-0.00352,-37.02 USD,True
BACKTESTER-001,ManualMACDCrossoverStrategy-000,EURUSD.SIM,SIM-001,O-20241211-130000-001-000-453,O-20241211-140000-001-000-454,BUY,FLAT,0,10000,1733922000000000000,2024-12-11 13:00:00+00:00,1733925600000000000,2024-12-11 14:00:00+00:00,3600000000000,1.052410861,1.0500686080000001,['0.00 USD'],-0.00223,-23.42 USD,True
BACKTESTER-001,ManualMACDCrossoverStrategy-000,EURUSD.SIM,SIM-001,O-20241211-220000-001-000-455,O-20241212-120000-001-000-456,BUY,FLAT,0,10000,1733954400000000000,2024-12-11 22:00:00+00:00,1734004800000000000,2024-12-12 12:00:00+00:00,50400000000000,1.049629591,1.0488915550000002,['0.00 USD'],-0.0007,-7.38 USD,True
BACKTESTER-001,ManualMACDCrossoverStrategy-000,EURUSD.SIM,SIM-001,O-20241212-140000-001-000-457,O-20241212-150000-001-000-458,BUY,FLAT,0,10000,1734012000000000000,2024-12-12 14:00:00+00:00,1734015600000000000,2024-12-12 15:00:00+00:00,3600000000000,1.051931887,1.04728,['0.00 USD'],-0.00442,-46.52 USD,True
BACKTESTER-001,ManualMACDCrossoverStrategy-000,EURUSD.SIM,SIM-001,O-20241212-160000-001-000-459,O-20241212-180000-001-000-460,BUY,FLAT,0,10000,1734019200000000000,2024-12-12 16:00:00+00:00,1734026400000000000,2024-12-12 18:00:00+00:00,7200000000000,1.051323682,1.048223943,['0.00 USD'],-0.00295,-31.00 USD,True
BACKTESTER-001,ManualMACDCrossoverStrategy-000,EURUSD.SIM,SIM-001,O-20241213-080000-001-000-461,O-20241216-080000-001-000-462,BUY,FLAT,0,10000,1734076800000000000,2024-12-13 08:00:00+00:00,1734336000000000000,2024-12-16 08:00:00+00:00,259200000000000,1.046878008,1.0508261269999999,['0.00 USD'],0.00377,39.48 USD,True
BACKTESTER-001,ManualMACDCrossoverStrategy-000,EURUSD.SIM,SIM-001,O-20241216-180000-001-000-463,O-20241217-040000-001-000-464,BUY,FLAT,0,10000,1734372000000000000,2024-12-16 18:00:00+00:00,1734408000000000000,2024-12-17 04:00:00+00:00,36000000000000,1.052068788,1.050800491,['0.00 USD'],-0.00121,-12.68 USD,True
BACKTESTER-001,ManualMACDCrossoverStrategy-000,EURUSD.SIM,SIM-001,O-20241217-160000-001-000-465,O-20241217-180000-001-000-466,BUY,FLAT,0,10000,1734451200000000000,2024-12-17 16:00:00+00:00,1734458400000000000,2024-12-17 18:00:00+00:00,7200000000000,1.0505180669999998,1.0493314960000002,['0.00 USD'],-0.00113,-11.86 USD,True
BACKTESTER-001,ManualMACDCrossoverStrategy-000,EURUSD.SIM,SIM-001,O-20241218-000000-001-000-467,O-20241218-110000-001-000-468,BUY,FLAT,0,10000,1734480000000000000,2024-12-18 00:00:00+00:00,1734519600000000000,2024-12-18 11:00:00+00:00,39600000000000,1.049929377,1.049651323,['0.00 USD'],-0.00026,-2.78 USD,True
BACKTESTER-001,ManualMACDCrossoverStrategy-000,EURUSD.SIM,SIM-001,O-20241219-060000-001-000-469,O-20241223-070000-001-000-470,BUY,FLAT,0,10000,1734588000000000000,2024-12-19 06:00:00+00:00,1734937200000000000,2024-12-23 07:00:00+00:00,349200000000000,1.038518418,1.041263538,['0.00 USD'],0.00264,27.46 USD,True
BACKTESTER-001,ManualMACDCrossoverStrategy-000,EURUSD.SIM,SIM-001,O-20241224-130000-001-000-471,O-20241224-170000-001-000-472,BUY,FLAT,0,10000,1735045200000000000,2024-12-24 13:00:00+00:00,1735059600000000000,2024-12-24 17:00:00+00:00,14400000000000,1.040237738,1.0388225320000002,['0.00 USD'],-0.00136,-14.15 USD,True
BACKTESTER-001,ManualMACDCrossoverStrategy-000,EURUSD.SIM,SIM-001,O-20241224-190000-001-000-473,O-20241226-010000-001-000-474,BUY,FLAT,0,10000,1735066800000000000,2024-12-24 19:00:00+00:00,1735174800000000000,2024-12-26 01:00:00+00:00,108000000000000,1.0393091289999998,1.0396912230000002,['0.00 USD'],0.00037,3.82 USD,True
BACKTESTER-001,ManualMACDCrossoverStrategy-000,EURUSD.SIM,SIM-001,O-20241226-100000-001-000-475,O-20241227-020000-001-000-476,BUY,FLAT,0,10000,1735207200000000000,2024-12-26 10:00:00+00:00,1735264800000000000,2024-12-27 02:00:00+00:00,57600000000000,1.040179163,1.0409409139999999,['0.00 USD'],0.00073,7.61 USD,True
BACKTESTER-001,ManualMACDCrossoverStrategy-000,EURUSD.SIM,SIM-001,O-20241227-110000-001-000-477,O-20241227-170000-001-000-478,BUY,FLAT,0,10000,1735297200000000000,2024-12-27 11:00:00+00:00,1735318800000000000,2024-12-27 17:00:00+00:00,21600000000000,1.043867198,1.042114174,['0.00 USD'],-0.00168,-17.53 USD,True
BACKTESTER-001,ManualMACDCrossoverStrategy-000,EURUSD.SIM,SIM-001,O-20241230-100000-001-000-479,O-20241230-130000-001-000-480,BUY,FLAT,0,10000,1735552800000000000,2024-12-30 10:00:00+00:00,1735563600000000000,2024-12-30 13:00:00+00:00,10800000000000,1.043835784,1.038775966,['0.00 USD'],-0.00485,-50.60 USD,True
BACKTESTER-001,ManualMACDCrossoverStrategy-000,EURUSD.SIM,SIM-001,O-20241231-010000-001-000-481,O-20241231-130000-001-000-482,BUY,FLAT,0,10000,1735606800000000000,2024-12-31 01:00:00+00:00,1735650000000000000,2024-12-31 13:00:00+00:00,43200000000000,1.0411988559999998,1.0392654510000001,['0.00 USD'],-0.00186,-19.33 USD,False
